,Name,Price,Mileage,ages,accident_damages,Insurance,service_repairs,torque,horsepower,fuel_capacity,dimension,wheelbase,front_tire_size,dirver_leg_room,dirver_head_room,cargo_capacity,curb_weight,towing_capacity,mile_per_gallon,engine_text,drive_type_text,transmission_text,color_ext_int,prior_use,keys
0,2019 Ford Mustang Ecoboost Premium,"$24,998*",38K miles,4 year(s),No Accidents or Damage Reported,Null,,Null,Null,Null,Null,Null,Null,Null,Null,Null,Null,Null,20 city/28 hwy,"4-cyl, Turbo Gas, 2.3L",Rear Wheel Drive,Automatic,White/Black,None,2']
1,2015 Chevrolet Camaro LS,"$20,998*",55K miles,8 year(s),No Accidents or Damage Reported,Null,,278 torque@4800rpm,323 horsepower@6800rpm,19.0 gal,"190.6"" L x 75.50"" W x 54.20"" H","112.30""",P245/55R18,"42.40""","37.40""",Null,"3,719 lbs",Null,17 city/28 hwy,"6-cyl, Gas, 3.6L",Rear Wheel Drive,Automatic,Black/Black,None,2']
2,2021 Chevrolet Corvette Stingray 2LT,"$75,998*",17K miles,2 year(s),No Accidents or Damage Reported,Null,,465 torque@5150rpm,490 horsepower@6450rpm,18.5 gal,"182.3"" L x 76.1"" W x 48.6"" H","107.2""",245/35ZR19,"42.8""","37.9""",Null,"3,366 lbs",Null,15 city/27 hwy,"8-cyl, Gas, 6.2L",Rear Wheel Drive,Automatic,Gray/Black,None,2']
3,2018 Dodge Challenger SXT Plus,"$27,998*",31K miles,5 year(s),No Accidents or Damage Reported,Null,,268 torque@4800rpm,305 horsepower@6350rpm,18.5 gal,"197.9"" L x 75.7"" W x 57.5"" H","116.2""",P245/45YR20,"42""","39.3""",Null,"3,894 lbs",Null,19 city/30 hwy,"6-cyl, Gas, 3.6L",Rear Wheel Drive,Automatic,White/Black,None,2']
4,2014 Dodge Challenger SXT Plus,"$24,998*",24K miles,9 year(s),No Accidents or Damage Reported,Null,,268 torque@4800rpm,305 horsepower@6350rpm,19.5 gal,"197.7"" L x 75.7"" W x 57.1"" H","116""",P235/55HR18,"42""","39.3""",Null,"3,834 lbs",Null,18 city/27 hwy,"6-cyl, Gas, 3.6L",Rear Wheel Drive,Automatic,Black/Brown,None,2']
5,2020 Subaru BRZ Limited,"$28,998*",28K miles,3 year(s),No Accidents or Damage Reported,Null,,156 torque@6400rpm,205 horsepower@7000rpm,13.2 gal,"166.7"" L x 69.9"" W x 52"" H","101.2""",P215/45WR17,"41.9""","37.1""",Null,"2,798 lbs",Null,21 city/29 hwy,"4-cyl, Gas, 2.0L",Rear Wheel Drive,Manual 6 Speed,Gray/Black,None,2']
6,2013 Chevrolet Camaro SS,"$25,998*",68K miles,10 year(s),,Null,2 Service Record(s) Reported,420 torque@4600rpm,426 horsepower@5900rpm,19.0 gal,"190.40"" L x 75.50"" W x 54.20"" H","112.30""",P245/45R20,"42.40""","37.40""",Null,"3,860 lbs",Null,16 city/24 hwy,"8-cyl, Gas, 6.2L",Rear Wheel Drive,Automatic,Red/Black,None,2']
7,2015 Volkswagen Beetle,"$20,998*",62K miles,8 year(s),,Null,,184 torque@1500rpm,170 horsepower@4800rpm,14.5 gal,"168.4"" L x 71.2"" W x 58"" H","100""",P235/45HR18,"41.3""","39.3""",Null,"3,225 lbs",Null,24 city/32 hwy,"4-cyl, Turbo Gas, 1.8L",Front Wheel Drive,Automatic,Black/Tan,None,2']
8,2017 Chevrolet Corvette Stingray,"$46,998*",16K miles,6 year(s),No Accidents or Damage Reported,Null,6 Service Record(s) Reported,460 torque@4600rpm,455 horsepower@6000rpm,18.5 gal,"176.9"" L x 73.9"" W x 48.8"" H","106.7""",P245/40ZR18,"43""","37.9""",Null,"3,298 lbs",Null,16 city/25 hwy,"8-cyl, Gas, 6.2L",Rear Wheel Drive,Manual 7 Speed,Black/Red,None,2']
9,2020 Ford Mustang Ecoboost Premium,"$24,998*",58K miles,3 year(s),No Accidents or Damage Reported,Null,,350 torque@3000rpm,310 horsepower@5500rpm,16 gal,"188.3"" L x 75.4"" W x 54.9"" H","107.1""",P235/50WR18,"44.5""","37.6""",Null,"3,642 lbs",Null,20 city/28 hwy,"4-cyl, Turbo Gas, 2.3L",Null,Automatic,Silver/Black,None,2']
10,2018 BMW M4,"$53,998*",21K miles,5 year(s),No Accidents or Damage Reported,Null,3 Service Record(s) Reported,406 torque@1850rpm,425 horsepower@5500rpm,15.9 gal,"184.5"" L x 73.6"" W x 54.4"" H","110.7""",P255/40YR18,"42.2""","39.8""",Null,"3,530 lbs",Null,17 city/25 hwy,"6-cyl, Turbo Gas, 3.0L",Null,Automatic,Silver/Black,None,2']
11,2021 Dodge Challenger R/T Scat Pack,"$43,998*",32K miles,2 year(s),No Accidents or Damage Reported,Null,,475 torque@4100rpm,485 horsepower@6100rpm,18.5 gal,"197.9"" L x 75.7"" W x 57.7"" H","116.2""",P245/45YR20,"42""","39.3""",Null,"4,230 lbs",Null,14 city/23 hwy,"8-cyl, Gas, 6.4L",Null,Automatic,Green/Black,None,2']
12,2021 Ford Mustang Ecoboost Premium,"$30,998*",28K miles,2 year(s),No Accidents or Damage Reported,Null,4 Service Record(s) Reported,350 torque@3000rpm,310 horsepower@5500rpm,16 gal,"188.3"" L x 75.4"" W x 54.9"" H","107.1""",P235/50WR18,"44.5""","37.6""",Null,"3,642 lbs",Null,27 hwy,"4-cyl, Turbo Gas, 2.3L",Null,Automatic,Blue/Black,None,2']
13,2018 Dodge Challenger R/T,"$29,998*",56K miles,5 year(s),,Null,3 Service Record(s) Reported,Null,Null,Null,Null,Null,Null,Null,Null,Null,Null,Null,15 city/23 hwy,"8-cyl, Gas, 5.7L",Rear Wheel Drive,Automatic,Gray/Black,None,2']
14,2019 Ford Mustang GT Premium,"$29,998*",39K miles,4 year(s),No Accidents or Damage Reported,Null,,420 torque@4600rpm,460 horsepower@7000rpm,16 gal,"188.3"" L x 75.4"" W x 54.9"" H","107.1""",P235/50WR18,"44.5""","37.6""",Null,"3,825 lbs",Null,Null,"8-cyl, Gas, 5.0L",Null,Automatic,Silver/Black,None,2']
15,2020 Dodge Challenger R/T Scat Pack Widebody,"$52,998*",12K miles,3 year(s),,Null,,475 torque@4100rpm,485 horsepower@6100rpm,18.5 gal,"197.9"" L x 79.2"" W x 57.5"" H","116.2""",P305/35YR20,"42""","39.3""",Null,"4,308 lbs",Null,14 city/23 hwy,"8-cyl, Gas, 6.4L",Null,Automatic,Blue/Black,None,2']
16,2015 Cadillac CTS-V,"$46,998*",59K miles,8 year(s),No Accidents or Damage Reported,Null,,Null,Null,Null,Null,Null,Null,Null,Null,Null,Null,Null,14 city/19 hwy,"8-cyl, Gas, 6.2L",Rear Wheel Drive,Automatic,Black/Black,None,2']
17,2021 Chevrolet Camaro LT1,"$35,998*",24K miles,2 year(s),No Accidents or Damage Reported,Null,,455 torque@4400rpm,455 horsepower@6000rpm,19.0 gal,"188.3"" L x 74.7"" W x 53.1"" H","110.7""",245/40R20,"43.9""","38.5""",Null,"3,619 lbs",Null,Null,"8-cyl, Gas, 6.2L",Rear Wheel Drive,Manual 6 Speed,Gray/Black,None,2']
18,2022 Ford Mustang Ecoboost Premium,"$30,998*",11K miles,1 year(s),No Accidents or Damage Reported,Null,,350 torque@3000rpm,310 horsepower@5500rpm,16 gal,"188.3"" L x 75.4"" W x 54.4"" H","107.1""",P235/50WR18,"44.5""","37.6""",Null,"3,532 lbs",Null,29 hwy,"4-cyl, Turbo Gas, 2.3L",Null,Automatic,Black/Black,None,2']
19,2012 Infiniti G37,"$23,998*",29K miles,11 year(s),No Accidents or Damage Reported,Null,2 Service Record(s) Reported,267 torque@5200rpm,325 horsepower@7000rpm,20.0 gal,"183.3"" L x 72.9"" W x 55.1"" H","112.2""",P225/50VR18,"43.9""","39.4""",Null,"4,083 lbs",Null,17 city/25 hwy,"6-cyl, Gas, 3.7L",Rear Wheel Drive,Automatic,Gray/Gray,None,2']
20,2020 Ford Mustang GT Premium,"$36,998*",35K miles,3 year(s),No Accidents or Damage Reported,Null,,420 torque@4600rpm,460 horsepower@7000rpm,16 gal,"188.3"" L x 75.4"" W x 54.9"" H","107.1""",P235/50WR18,"44.5""","37.6""",Null,"3,825 lbs",Null,15 city/24 hwy,"8-cyl, Gas, 5.0L",Null,Automatic,Red/Red,None,2']
21,2015 Ford Mustang GT,"$29,998*",34K miles,8 year(s),No Accidents or Damage Reported,Null,7 Service Record(s) Reported,Null,Null,Null,Null,Null,Null,Null,Null,Null,Null,Null,15 city/25 hwy,"8-cyl, Gas, 5.0L",Rear Wheel Drive,Automatic,Gray/Black,None,2']
22,2021 Ford Mustang Ecoboost Premium,"$25,998*",37K miles,2 year(s),No Accidents or Damage Reported,Null,,350 torque@3000rpm,310 horsepower@5500rpm,16 gal,"188.3"" L x 75.4"" W x 54.9"" H","107.1""",P235/50WR18,"44.5""","37.6""",Null,"3,642 lbs",Null,27 hwy,"4-cyl, Turbo Gas, 2.3L",Null,Automatic,Silver/Black,None,2']
23,2020 Toyota 86 Hakone Edition,"$32,998*",6K miles,3 year(s),No Accidents or Damage Reported,Null,,151 torque@6400rpm,200 horsepower@7000rpm,13.2 gal,"166.7"" L x 69.9"" W x 50.6"" H","101.2""",P215/45WR17,"41.9""","37.1""",Null,"2,817 lbs",Null,24 city/32 hwy,"4-cyl, Gas, 2.0L",Rear Wheel Drive,Automatic,Green/Black,None,2']
24,2019 Ford Mustang Ecoboost,"$21,998*",92K miles,4 year(s),,Null,,Null,Null,Null,Null,Null,Null,Null,Null,Null,Null,Null,21 city/31 hwy,"4-cyl, Turbo Gas, 2.3L",Rear Wheel Drive,Automatic,Gray/Black,None,2']
25,2019 Toyota 86,"$22,998*",96K miles,4 year(s),No Accidents or Damage Reported,Null,,156 torque@6400rpm,205 horsepower@7000rpm,13.2 gal,"166.7"" L x 69.9"" W x 50.6"" H","101.2""",P215/45WR17,"41.9""","37.1""",Null,"2,776 lbs",Null,21 city/28 hwy,"4-cyl, Gas, 2.0L",Rear Wheel Drive,Manual 6 Speed,Black/Black,None,2']
26,2017 Ford Mustang GT,"$28,998*",80K miles,6 year(s),,Null,,Null,Null,Null,Null,Null,Null,Null,Null,Null,Null,Null,15 city/25 hwy,"8-cyl, Gas, 5.0L",Rear Wheel Drive,Automatic,Black/Black,None,2']
27,2021 Ford Mustang Ecoboost Premium,"$25,998*",57K miles,2 year(s),No Accidents or Damage Reported,Null,,350 torque@3000rpm,310 horsepower@5500rpm,16 gal,"188.3"" L x 75.4"" W x 54.9"" H","107.1""",P235/50WR18,"44.5""","37.6""",Null,"3,642 lbs",Null,27 hwy,"4-cyl, Turbo Gas, 2.3L",Null,Automatic,White/Black,None,2']
28,2019 Volkswagen Beetle Final Edition SEL,"$34,998*",27K miles,4 year(s),No Accidents or Damage Reported,Null,5 Service Record(s) Reported,184 torque@1500rpm,174 horsepower@5000rpm,14.5 gal,"168.8"" L x 71.9"" W x 58"" H","100.1""",P235/45HR18,"41.3""","39.3""",Null,"3,239 lbs",Null,26 city/33 hwy,"4-cyl, Turbo Gas, 2.0L",Front Wheel Drive,Automatic,White/Black,None,2']
29,2019 Dodge Challenger SXT Plus,"$28,998*",47K miles,4 year(s),No Accidents or Damage Reported,Null,5 Service Record(s) Reported,Null,Null,Null,Null,Null,Null,Null,Null,Null,Null,Null,Null,"6-cyl, Gas, 3.6L",Null,Automatic,Black/Black,None,2']
30,2019 Chevrolet Camaro LT,"$24,998*",40K miles,4 year(s),No Accidents or Damage Reported,Null,,295 torque@3000-4500rpm,275 horsepower@5600rpm,19.0 gal,"188.3"" L x 74.7"" W x 52.9"" H","110.7""",245/50R18,"43.9""","38.4""",Null,"3,647 lbs",Null,20 city/30 hwy,"4-cyl, Turbo Gas, 2.0L",Null,Automatic,White/Black,None,2']
31,2019 Chevrolet Camaro 2SS,"$34,998*",57K miles,4 year(s),No Accidents or Damage Reported,Null,,455 torque@4400rpm,455 horsepower@6000rpm,19.0 gal,"188.3"" L x 74.7"" W x 52.9"" H","110.7""",245/40ZR20,"43.9""","38.4""",Null,"3,956 lbs",Null,16 city/24 hwy,"8-cyl, Gas, 6.2L",Null,Automatic,White/Black,None,2']
32,2023 Subaru BRZ Limited,"$31,998*",2K miles,Current Year,No Accidents or Damage Reported,Null,,184 torque@3700rpm,228 horsepower@7000rpm,13.2 gal,"167.9"" L x 69.9"" W x 51.6"" H","101.4""",P215/40YR18,"41.5""","37""",Null,"2,835 lbs",Null,20 city/27 hwy,"4-cyl, Gas, 2.4L",Rear Wheel Drive,Manual 6 Speed,Red/Black,None,2']
33,2019 Chevrolet Camaro LT,"$23,998*",58K miles,4 year(s),No Accidents or Damage Reported,Null,,295 torque@3000-4500rpm,275 horsepower@5600rpm,19.0 gal,"188.3"" L x 74.7"" W x 52.9"" H","110.7""",245/50R18,"43.9""","38.4""",Null,"3,647 lbs",Null,20 city/30 hwy,"4-cyl, Turbo Gas, 2.0L",Null,Automatic,Gray/Black,None,2']
34,2017 Ford Mustang Ecoboost Premium,"$22,998*",64K miles,6 year(s),No Accidents or Damage Reported,Null,,320 torque@2500rpm,310 horsepower@5500rpm,15.5 gal,"188.3"" L x 75.4"" W x 54.4"" H","107.1""",P235/50WR18,"44.5""","37.6""",Null,"3,532 lbs",Null,21 city/30 hwy,"4-cyl, Turbo Gas, 2.3L",Rear Wheel Drive,Manual 6 Speed,Black/Black,None,2']
35,2023 Chevrolet Camaro 2LT,"$36,998*",11K miles,Current Year,No Accidents or Damage Reported,Null,,295 torque@3000-4500rpm,275 horsepower@5600rpm,19 gal,"188.3"" L x 74.7"" W x 53.1"" H","110.7""",245/50R18,"43.9""","38.5""",Null,"3,374 lbs",Null,28 hwy,"4-cyl, Turbo Gas, 2.0L",Null,Automatic,Black/Black,None,2']
36,2021 Dodge Challenger R/T Scat Pack,"$41,998*",15K miles,2 year(s),,Null,,475 torque@4100rpm,485 horsepower@6100rpm,18.5 gal,"197.9"" L x 75.7"" W x 57.7"" H","116.2""",P245/45YR20,"42""","39.3""",Null,"4,230 lbs",Null,14 city/23 hwy,"8-cyl, Gas, 6.4L",Null,Automatic,Gray/Black,None,2']
37,2018 Ford Mustang Ecoboost Premium,"$24,998*",32K miles,5 year(s),,Null,,350 torque@3000rpm,310 horsepower@5500rpm,15.5 gal,"188.3"" L x 75.4"" W x 54.4"" H","107.1""",P235/50WR18,"44.5""","37.6""",Null,"3,532 lbs",Null,21 city/31 hwy,"4-cyl, Turbo Gas, 2.3L",Rear Wheel Drive,Automatic,Red/Black,None,2']
38,2014 Ford Mustang,"$18,998*",60K miles,9 year(s),No Accidents or Damage Reported,Null,4 Service Record(s) Reported,280 torque@4250rpm,305 horsepower@6500rpm,16 gal,"188.5"" L x 73.9"" W x 55.8"" H","107.1""",P215/65TR17,"42.4""","38.8""",Null,"3,630 lbs",Null,19 city/29 hwy,"6-cyl, Gas, 3.7L",Rear Wheel Drive,Automatic,Gray/Black,None,2']
39,2018 Dodge Challenger R/T,"$30,998*",28K miles,5 year(s),No Accidents or Damage Reported,Null,,410 torque@4300rpm,375 horsepower@5150rpm,18.5 gal,"197.9"" L x 75.7"" W x 57.5"" H","116.2""",P245/45YR20,"42""","39.3""",Null,"4,190 lbs",Null,15 city/23 hwy,"8-cyl, Gas, 5.7L",Rear Wheel Drive,Manual 6 Speed,Silver/Black,None,2']
40,2018 Honda Civic SI,"$28,998*",9K miles,5 year(s),No Accidents or Damage Reported,Null,,192 torque@2100rpm,205 horsepower@5700rpm,12.4 gal,"177.3"" L x 70.9"" W x 54.7"" H","106.3""",P235/40WR18,"42.3""","36.5""",Null,"2,889 lbs",Null,28 city/38 hwy,"4-cyl, Turbo Gas, 1.5L",Front Wheel Drive,Manual 6 Speed,Green/Black,None,2']
41,2022 Dodge Challenger SXT,"$29,998*",25K miles,1 year(s),No Accidents or Damage Reported,Null,,268 torque@4800rpm,303 horsepower@6350rpm,18.5 gal,"197.9"" L x 75.7"" W x 57.7"" H","116.2""",P235/55HR18,"42""","39.3""",Null,"3,841 lbs",Null,Null,"6-cyl, Gas, 3.6L",Rear Wheel Drive,Automatic,Gray/Black,None,2']
42,2023 Ford Mustang Mach 1,"$58,998*",4K miles,Current Year,No Accidents or Damage Reported,Null,,410 torque@4800rpm,470 horsepower@7000rpm,16 gal,"188.3"" L x 75.4"" W x 54.4"" H","107.1""",P255/40YR19,"44.5""","37.6""",Null,"3,868 lbs",Null,Null,"8-cyl, Gas, 5.0L",Null,Automatic,Gray/Black,None,2']
43,2022 Ford Mustang Ecoboost Premium,"$26,998*",46K miles,1 year(s),No Accidents or Damage Reported,Null,,350 torque@3000rpm,310 horsepower@5500rpm,16 gal,"188.3"" L x 75.4"" W x 54.4"" H","107.1""",P235/50WR18,"44.5""","37.6""",Null,"3,532 lbs",Null,29 hwy,"4-cyl, Turbo Gas, 2.3L",Null,Automatic,White/Black,None,2']
44,2022 Dodge Challenger R/T,"$32,998*",33K miles,1 year(s),No Accidents or Damage Reported,Null,,410 torque@4300rpm,375 horsepower@5150rpm,18.5 gal,"197.9"" L x 75.7"" W x 57.7"" H","116.2""",P245/45YR20,"42""","39.3""",Null,"4,157 lbs",Null,Null,"8-cyl, Gas, 5.7L",Null,Automatic,Red/Black,None,2']
45,2024 BMW M4 Competition,"$85,998*",5K miles,Current Year,No Accidents or Damage Reported,Null,,Null,Null,Null,Null,Null,Null,Null,Null,Null,Null,Null,Null,"6-cyl, , 3.0L",Null,Automatic,Gray/Black,None,2']
46,2024 Mini Cooper,"$34,998*",4K miles,Current Year,No Accidents or Damage Reported,Null,,162 torque@1480rpm,134 horsepower@4500rpm,11.6 gal,"152.2"" L x 68"" W x 55.7"" H","98.2""",P195/55HR16,"41.4""","40.3""",Null,"2,892 lbs",Null,Null,"3-cyl, Turbo Gas, 1.5L",Null,Automatic,Green/Black,None,2']
47,2017 Honda Civic LX-P,"$20,998*",51K miles,6 year(s),,Null,2 Service Record(s) Reported,138 torque@4200rpm,158 horsepower@6500rpm,12.4 gal,"176.9"" L x 70.8"" W x 54.9"" H","106.3""",P215/55HR16,"42.3""","36.5""",Null,"2,775 lbs",Null,30 city/39 hwy,"4-cyl, Gas, 2.0L",Front Wheel Drive,Automatic,Black/Tan,None,2']
48,2017 Volkswagen Beetle Classic,"$27,998*",16K miles,6 year(s),No Accidents or Damage Reported,Null,,184 torque@1500rpm,170 horsepower@4800rpm,14.5 gal,"168.4"" L x 71.2"" W x 58"" H","100""",P215/55HR17,"41.3""","39.3""",Null,"3,225 lbs",Null,24 city/33 hwy,"4-cyl, Turbo Gas, 1.8L",Front Wheel Drive,Automatic,Gray/Brown,None,2']
49,2021 Dodge Challenger SXT,"$28,998*",21K miles,2 year(s),No Accidents or Damage Reported,Null,4 Service Record(s) Reported,268 torque@4800rpm,303 horsepower@6350rpm,18.5 gal,"197.9"" L x 75.7"" W x 58.4"" H","116.2""",P235/55HR19,"42""","39.3""",Null,"4,057 lbs",Null,18 city/27 hwy,"6-cyl, Gas, 3.6L",All Wheel Drive,Automatic,Black/Black,None,2']
50,2020 Dodge Challenger R/T Scat Pack,"$43,998*",12K miles,3 year(s),No Accidents or Damage Reported,Null,,475 torque@4100rpm,485 horsepower@6100rpm,18.5 gal,"197.9"" L x 75.7"" W x 57.5"" H","116.2""",P245/45YR20,"42""","39.3""",Null,"4,230 lbs",Null,14 city/23 hwy,"8-cyl, Gas, 6.4L",Rear Wheel Drive,Manual 6 Speed,Purple/Black,None,2']
51,2013 BMW M3,"$35,998*",45K miles,10 year(s),,Null,8 Service Record(s) Reported,295 torque@3900rpm,414 horsepower@8300rpm,16.6 gal,"181.7"" L x 71.0"" W x 54.8"" H","108.7""",P245/40ZR18,"41.8""","38.0""",Null,"4,145 lbs",Null,13 city/20 hwy,"8-cyl, Gas, 4.0L",Null,Automatic,Red/Black,None,2']
52,2020 Ford Mustang Shelby GT350,"$66,998*",9K miles,3 year(s),No Accidents or Damage Reported,Null,,429 torque@4750rpm,526 horsepower@7500rpm,16 gal,"188.9"" L x 75.9"" W x 54.2"" H","107.1""",P295/35ZR19,"44.5""","37.6""",Null,"3,760 lbs",Null,14 city/21 hwy,"8-cyl, Gas, 5.2L",Rear Wheel Drive,Manual 6 Speed,Blue/Black,None,2']
53,2018 Ford Mustang Ecoboost Premium,"$22,998*",85K miles,5 year(s),,Null,,350 torque@3000rpm,310 horsepower@5500rpm,15.5 gal,"188.3"" L x 75.4"" W x 54.4"" H","107.1""",P235/50WR18,"44.5""","37.6""",Null,"3,532 lbs",Null,21 city/31 hwy,"4-cyl, Turbo Gas, 2.3L",Rear Wheel Drive,Automatic,Gray/Black,None,2']
54,2021 Audi TT RS,"$66,998*",28K miles,2 year(s),No Accidents or Damage Reported,Null,2 Service Record(s) Reported,354 torque@2000rpm,394 horsepower@6000rpm,14.5 gal,"165"" L x 72.1"" W x 52.9"" H","98.6""",P255/30YR20,"41.1""","37.1""",Null,"3,296 lbs",Null,Null,"5-cyl, Turbo Gas, 2.5L",All Wheel Drive,Automatic,Black/Black,None,2']
55,2017 Ford Mustang GT,"$28,998*",53K miles,6 year(s),,Null,,Null,Null,Null,Null,Null,Null,Null,Null,Null,Null,Null,14 city/23 hwy,"8-cyl, Gas, 5.0L",Rear Wheel Drive,Automatic,Black/Black,None,2']
56,2020 Dodge Challenger SXT,"$27,998*",33K miles,3 year(s),No Accidents or Damage Reported,Null,,268 torque@4800rpm,305 horsepower@6350rpm,18.5 gal,"197.9"" L x 75.7"" W x 57.5"" H","116.2""",P235/55HR19,"42""","39.3""",Null,"4,057 lbs",Null,18 city/27 hwy,"6-cyl, Gas, 3.6L",All Wheel Drive,Automatic,Burgundy/Black,None,2']
57,2019 Ford Mustang Ecoboost Premium,"$27,998*",28K miles,4 year(s),,Null,2 Service Record(s) Reported,350 torque@3000rpm,310 horsepower@5500rpm,16 gal,"188.3"" L x 75.4"" W x 54.4"" H","107.1""",P235/50WR18,"44.5""","37.6""",Null,"3,532 lbs",Null,21 city/31 hwy,"4-cyl, Turbo Gas, 2.3L",Null,Automatic,White/Black,None,2']
58,2018 BMW M240 XI,"$34,998*",26K miles,5 year(s),No Accidents or Damage Reported,Null,2 Service Record(s) Reported,369 torque@1520rpm,335 horsepower@5500rpm,13.7 gal,"175.9"" L x 69.8"" W x 55.2"" H","105.9""",P225/40YR18,"41.5""","40.5""",Null,"3,944 lbs",Null,21 city/30 hwy,"6-cyl, Turbo Gas, 3.0L",All Wheel Drive,Automatic,White/Tan,None,2']
59,2018 Buick Cascada Premium,"$21,998*",60K miles,5 year(s),No Accidents or Damage Reported,Null,,207 torque@1800-4500rpm,200 horsepower@5500rpm,14.3 gal,"184.9"" L x 72.4"" W x 56.8"" H","106.1""",P245/40R20,"42.2""","37.8""",Null,"3,979 lbs",Null,21 city/29 hwy,"4-cyl, Turbo Gas, 1.6L",Front Wheel Drive,Automatic,White/Cream,None,2']
60,2015 BMW M4,"$35,998*",74K miles,8 year(s),No Accidents or Damage Reported,Null,10 Service Record(s) Reported,406 torque@1850rpm,425 horsepower@5500rpm,15.9 gal,"184.5"" L x 73.6"" W x 54.6"" H","110.7""",P255/40YR18,"42.2""","40.4""",Null,"4,055 lbs",Null,17 city/26 hwy,"6-cyl, Turbo Gas, 3.0L",Rear Wheel Drive,Automatic,Silver/Gray,None,2']
61,2015 BMW M4,"$44,998*",32K miles,8 year(s),No Accidents or Damage Reported,Null,5 Service Record(s) Reported,406 torque@1850rpm,425 horsepower@5500rpm,15.9 gal,"184.5"" L x 73.6"" W x 54.4"" H","110.7""",P255/40YR18,"42.2""","39.8""",Null,"3,530 lbs",Null,17 city/26 hwy,"6-cyl, Turbo Gas, 3.0L",Rear Wheel Drive,Automatic,Gray/Tan,None,2']
62,2014 Ford Mustang Shelby GT500,"$55,998*",25K miles,9 year(s),No Accidents or Damage Reported,Null,,631 torque@4000rpm,662 horsepower@6250rpm,16 gal,"189.4"" L x 73.9"" W x 55.4"" H","107.1""",P265/40WR19,"42.4""","38.5""",Null,"3,845 lbs",Null,15 city/24 hwy,"8-cyl, Supercharged Gas, 5.8L",Rear Wheel Drive,Manual 6 Speed,White/Black,None,2']
63,2014 Hyundai Genesis,"$21,998*",28K miles,9 year(s),,Null,,275 torque@2000rpm,274 horsepower@6000rpm,17.2 gal,"182.3"" L x 73.4"" W x 54.5"" H","111""",P225/45VR18,"44.1""","39.2""",Null,"3,495 lbs",Null,17 city/27 hwy,"4-cyl, Turbo Gas, 2.0L",Rear Wheel Drive,Automatic,Black/Black,None,2']
64,2023 Ford Mustang Mach 1,"$56,998*",2K miles,Current Year,No Accidents or Damage Reported,Null,,410 torque@4800rpm,470 horsepower@7000rpm,16 gal,"188.3"" L x 75.4"" W x 54.4"" H","107.1""",P255/40YR19,"44.5""","37.6""",Null,"3,868 lbs",Null,Null,"8-cyl, Gas, 5.0L",Rear Wheel Drive,Manual 6 Speed,Gray/Black,None,2']
65,2021 Dodge Challenger SXT,"$24,998*",59K miles,2 year(s),No Accidents or Damage Reported,Null,,268 torque@4800rpm,303 horsepower@6350rpm,18.5 gal,"197.9"" L x 75.7"" W x 57.7"" H","116.2""",P235/55HR18,"42""","39.3""",Null,"3,858 lbs",Null,19 city/30 hwy,"6-cyl, Gas, 3.6L",Rear Wheel Drive,Automatic,Red/Black,None,2']
66,2021 Dodge Challenger R/T,"$33,998*",19K miles,2 year(s),No Accidents or Damage Reported,Null,,410 torque@4300rpm,375 horsepower@5150rpm,18.5 gal,"197.9"" L x 75.7"" W x 57.7"" H","116.2""",P245/45YR20,"42""","39.3""",Null,"4,182 lbs",Null,15 city/23 hwy,"8-cyl, Gas, 5.7L",Null,Automatic,White/Black,None,2']
67,2018 Ford Mustang Ecoboost,"$22,998*",64K miles,5 year(s),No Accidents or Damage Reported,Null,7 Service Record(s) Reported,350 torque@3000rpm,310 horsepower@5500rpm,15.5 gal,"188.3"" L x 75.4"" W x 54.4"" H","107.1""",P235/55WR17,"44.5""","37.6""",Null,"3,532 lbs",Null,21 city/31 hwy,"4-cyl, Turbo Gas, 2.3L",Rear Wheel Drive,Automatic,Gray/Black,None,2']
68,2014 Chevrolet Corvette Stingray,"$38,998*",78K miles,9 year(s),,Null,,460 torque@4600rpm,455 horsepower@6000rpm,18.5 gal,"176.90"" L x 73.90"" W x 48.80"" H","106.70""",P245/40ZR18,"43.00""","37.90""",Null,"3,298 lbs",Null,17 city/29 hwy,"8-cyl, Gas, 6.2L",Rear Wheel Drive,Automatic,Burgundy/Brown,None,2']
69,2020 Chevrolet Camaro LS,"$24,998*",36K miles,3 year(s),No Accidents or Damage Reported,Null,,295 torque@3000-4500rpm,275 horsepower@5600rpm,19.0 gal,"188.3"" L x 74.7"" W x 53.1"" H","110.7""",245/50R18,"43.9""","38.5""",Null,"3,351 lbs",Null,20 city/30 hwy,"4-cyl, Turbo Gas, 2.0L",Null,Automatic,Orange/Black,None,2']
70,2020 Ford Mustang Ecoboost Premium,"$26,998*",38K miles,3 year(s),,Null,,350 torque@3000rpm,310 horsepower@5500rpm,16 gal,"188.3"" L x 75.4"" W x 54.4"" H","107.1""",P235/50WR18,"44.5""","37.6""",Null,"3,532 lbs",Null,21 city/30 hwy,"4-cyl, Turbo Gas, 2.3L",Null,Automatic,Silver/Black,None,2']
71,2015 Chevrolet Camaro LT,"$19,998*",63K miles,8 year(s),,Null,,278 torque@4800rpm,323 horsepower@6800rpm,19.0 gal,"190.6"" L x 75.50"" W x 54.70"" H","112.30""",P245/55R18,"42.40""","37.80""",Null,"4,015 lbs",Null,17 city/28 hwy,"6-cyl, Gas, 3.6L",Rear Wheel Drive,Automatic,Silver/Black,None,2']
72,2016 Jaguar F-Type,"$34,998*",55K miles,7 year(s),No Accidents or Damage Reported,Null,4 Service Record(s) Reported,332 torque@3500rpm,340 horsepower@6500rpm,18.5 gal,"176"" L x 75.7"" W x 51.6"" H","103.2""",P245/45YR18,"43""","37""",Null,"3,477 lbs",Null,19 city/28 hwy,"6-cyl, Supercharged Gas, 3.0L",Rear Wheel Drive,Automatic,Black/Black,None,2']
73,2019 Ford Mustang Ecoboost Premium,"$24,998*",39K miles,4 year(s),,Null,,Null,Null,Null,Null,Null,Null,Null,Null,Null,Null,Null,20 city/28 hwy,"4-cyl, Turbo Gas, 2.3L",Rear Wheel Drive,Automatic,Red/Black,None,2']
74,2019 Ford Mustang Ecoboost,"$23,998*",38K miles,4 year(s),No Accidents or Damage Reported,Null,1 Service Record(s) Reported,Null,Null,Null,Null,Null,Null,Null,Null,Null,Null,Null,21 city/31 hwy,"4-cyl, Turbo Gas, 2.3L",Rear Wheel Drive,Automatic,White/Gray,None,2']
75,2012 Honda Accord EX-L,"$17,998*",86K miles,11 year(s),No Accidents or Damage Reported,Null,1 Service Record(s) Reported,254 torque@5000rpm,271 horsepower@6000-6200rpm,18.5 gal,"190.9"" L x 72.8"" W x 56.4"" H","107.9""",P235/45VR18,"42.2""","37.4""",Null,"3,543 lbs",Null,19 city/29 hwy,"6-cyl, Gas, 3.5L",Front Wheel Drive,Automatic,Black/Black,None,2']
76,2019 Volkswagen Beetle Final Edition SEL,"$35,998*",18K miles,4 year(s),,Null,,184 torque@1500rpm,174 horsepower@5000rpm,14.5 gal,"168.8"" L x 71.9"" W x 58"" H","100.1""",P235/45HR18,"41.3""","39.3""",Null,"3,239 lbs",Null,26 city/33 hwy,"4-cyl, Turbo Gas, 2.0L",Front Wheel Drive,Automatic,Black/Black,None,2']
77,2017 Mercedes-Benz C300,"$29,998*",25K miles,6 year(s),No Accidents or Damage Reported,Null,,273 torque@1300rpm,241 horsepower@5550rpm,17.4 gal,"184.5"" L x 71.3"" W x 55.3"" H","111.8""",P225/45HR18,"42""","38.8""",Null,"3,770 lbs",Null,23 city/29 hwy,"4-cyl, Turbo Gas, 2.0L",All Wheel Drive,Automatic,Red/Black,None,2']
78,2018 Dodge Challenger R/T Plus,"$29,998*",42K miles,5 year(s),No Accidents or Damage Reported,Null,8 Service Record(s) Reported,Null,Null,Null,Null,Null,Null,Null,Null,Null,Null,Null,15 city/23 hwy,"8-cyl, Gas, 5.7L",Rear Wheel Drive,Automatic,White/Black,None,2']
79,2016 Buick Cascada Premium,"$18,998*",62K miles,7 year(s),No Accidents or Damage Reported,Null,,206,200,14.3 gal,"184.9"" L x 72.4"" W x 56.8"" H","106.1""",P245/40R20,"42.2""","37.8""",Null,"3,979 lbs",Null,20 city/27 hwy,"4-cyl, Turbo Gas, 1.6L",Front Wheel Drive,Automatic,Black/Black,None,2']
80,2019 Mercedes-Benz C300,"$32,998*",51K miles,4 year(s),No Accidents or Damage Reported,Null,,273 torque@1800rpm,255 horsepower@5800rpm,17.4 gal,"184.5"" L x 71.3"" W x 55.3"" H","111.8""",P225/45HR18,"42""","38.8""",Null,"3,682 lbs",Null,22 city/31 hwy,"4-cyl, Turbo Gas, 2.0L",All Wheel Drive,Automatic,White/Cream,None,2']
81,2017 Infiniti Q60 Premium,"$27,998*",66K miles,6 year(s),No Accidents or Damage Reported,Null,3 Service Record(s) Reported,295 torque@1600rpm,300 horsepower@6400rpm,20 gal,"184.4"" L x 72.8"" W x 54.9"" H","112.2""",P255/40VR19,"43.1""","37.4""",Null,"3,774 lbs",Null,19 city/28 hwy,"6-cyl, Turbo Gas, 3.0L",Rear Wheel Drive,Automatic,Black/Black,None,2']
82,2019 Ford Mustang Ecoboost Premium,"$25,998*",37K miles,4 year(s),No Accidents or Damage Reported,Null,,350 torque@3000rpm,310 horsepower@5500rpm,16 gal,"188.3"" L x 75.4"" W x 54.9"" H","107.1""",P235/50WR18,"44.5""","37.6""",Null,"3,642 lbs",Null,20 city/28 hwy,"4-cyl, Turbo Gas, 2.3L",Rear Wheel Drive,Manual 6 Speed,Red/Black,None,2']
83,2017 BMW 440 I xDrive,"$35,998*",15K miles,6 year(s),,Null,10 Service Record(s) Reported,330 torque@1380rpm,320 horsepower@5500rpm,15.8 gal,"182.6"" L x 71.9"" W x 54.8"" H","110.6""",P225/45VR18,"42.2""","39.8""",Null,"3,775 lbs",Null,21 city/31 hwy,"6-cyl, Turbo Gas, 3.0L",All Wheel Drive,Manual 6 Speed,Black/Black,None,2']
84,2018 Dodge Challenger T/A 392,"$42,998*",17K miles,5 year(s),No Accidents or Damage Reported,Null,4 Service Record(s) Reported,475 torque@4100rpm,485 horsepower@6100rpm,18.5 gal,"197.9"" L x 75.7"" W x 57.5"" H","116.2""",P275/40YR20,"42""","39.3""",Null,"4,232 lbs",Null,14 city/23 hwy,"8-cyl, Gas, 6.4L",Rear Wheel Drive,Automatic,Black/Black,None,2']
85,2013 Mercedes-Benz C63 AMG,"$35,998*",57K miles,10 year(s),No Accidents or Damage Reported,Null,4 Service Record(s) Reported,443 torque@5000rpm,451 horsepower@6800rpm,17.4 gal,"185.3"" L x 69.7"" W x 54.6"" H","108.7""",P235/40ZR18,"""","37.0""",Null,"3,816 lbs",Null,15 city/22 hwy,"8-cyl, Gas, 6.3L",Rear Wheel Drive,Automatic,Red/Black,None,2']
86,2019 Ford Mustang Ecoboost Premium,"$23,998*",44K miles,4 year(s),No Accidents or Damage Reported,Null,,Null,Null,Null,Null,Null,Null,Null,Null,Null,Null,Null,20 city/28 hwy,"4-cyl, Turbo Gas, 2.3L",Rear Wheel Drive,Automatic,Silver/Black,None,2']
87,2014 Scion FR-S,"$19,998*",78K miles,9 year(s),,Null,1 Service Record(s) Reported,151 torque@6400rpm,200 horsepower@7000rpm,13.2 gal,"166.7"" L x 69.9"" W x 50.6"" H","101.2""",P215/45WR17,"41.9""","37.1""",Null,"2,758 lbs",Null,22 city/30 hwy,"4-cyl, Gas, 2.0L",Rear Wheel Drive,Manual 6 Speed,Red/Black,None,2']
88,2022 Ford Mustang GT,"$39,998*",5K miles,1 year(s),No Accidents or Damage Reported,Null,,420 torque@4600rpm,460 horsepower@7500rpm,16 gal,"188.3"" L x 75.4"" W x 54.4"" H","107.1""",P235/50WR18,"44.5""","37.6""",Null,"3,705 lbs",Null,Null,"8-cyl, Gas, 5.0L",Null,Automatic,White/Black,None,2']
89,2016 Ford Mustang Ecoboost Premium,"$22,998*",52K miles,7 year(s),No Accidents or Damage Reported,Null,,320 torque@2500rpm,310 horsepower@5500rpm,15.5 gal,"188.3"" L x 75.4"" W x 54.9"" H","107.1""",P235/50WR18,"44.5""","37.6""",Null,"3,642 lbs",Null,22 city/31 hwy,"4-cyl, Turbo Gas, 2.3L",Null,Automatic,Gray/Black,None,2']
90,2020 Dodge Challenger R/T Scat Pack Widebody,"$50,998*",7K miles,3 year(s),No Accidents or Damage Reported,Null,,475 torque@4100rpm,485 horsepower@6100rpm,18.5 gal,"197.9"" L x 79.2"" W x 57.5"" H","116.2""",P305/35YR20,"42""","39.3""",Null,"4,308 lbs",Null,14 city/23 hwy,"8-cyl, Gas, 6.4L",Null,Automatic,Red/Black,None,2']
91,2016 Chevrolet Camaro LT,"$23,998*",57K miles,7 year(s),,Null,1 Service Record(s) Reported,Null,Null,Null,Null,Null,Null,Null,Null,Null,Null,Null,21 city/30 hwy,"6-cyl, Gas, 3.6L",Rear Wheel Drive,Automatic,Black/Black,None,2']
92,2021 Ford Mustang Ecoboost,"$28,998*",28K miles,2 year(s),No Accidents or Damage Reported,Null,,350 torque@3000rpm,310 horsepower@5500rpm,16 gal,"188.3"" L x 75.4"" W x 54.4"" H","107.1""",P235/55WR17,"44.5""","37.6""",Null,"3,532 lbs",Null,29 hwy,"4-cyl, Turbo Gas, 2.3L",Null,Automatic,Black/Black,None,2']
93,2016 Ford Mustang,"$24,998*",20K miles,7 year(s),No Accidents or Damage Reported,Null,6 Service Record(s) Reported,Null,Null,Null,Null,Null,Null,Null,Null,Null,Null,Null,17 city/28 hwy,"6-cyl, Gas, 3.7L",Rear Wheel Drive,Automatic,Gray/Black,None,2']
94,2021 Dodge Challenger GT,"$31,998*",7K miles,2 year(s),No Accidents or Damage Reported,Null,,268 torque@4800rpm,303 horsepower@6350rpm,18.5 gal,"197.9"" L x 75.7"" W x 57.7"" H","116.2""",P245/45YR20,"42""","39.3""",Null,"3,906 lbs",Null,19 city/30 hwy,"6-cyl, Gas, 3.6L",Rear Wheel Drive,Automatic,Purple/Black,None,2']
95,2018 Chevrolet Camaro SS,"$40,998*",18K miles,5 year(s),,Null,,455 torque@4400rpm,455 horsepower@6000rpm,19.0 gal,"188.30"" L x 74.70"" W x 53.10"" H","110.70""",P245/40ZR20,"43.90""","38.50""",Null,"3,685 lbs",Null,16 city/25 hwy,"8-cyl, Gas, 6.2L",Rear Wheel Drive,Automatic,White/Red,None,2']
96,2015 Hyundai Genesis,"$19,998*",74K miles,8 year(s),No Accidents or Damage Reported,Null,,295 torque@5100rpm,348 horsepower@6400rpm,17.2 gal,"182.3"" L x 73.4"" W x 54.5"" H","111""",P225/45VR18,"44.1""","39.2""",Null,"3,495 lbs",Null,16 city/25 hwy,"6-cyl, Gas, 3.8L",Rear Wheel Drive,Automatic,White/Black,None,2']
97,2013 BMW 328 I,"$18,998*",65K miles,10 year(s),No Accidents or Damage Reported,Null,16 Service Record(s) Reported,200 torque@2750rpm,230 horsepower@6500rpm,16.100 gal,"181.900"" L x 71.500"" W x 54.900"" H","108.700""",225/45R17,"41.800""","38.400""",Null,"3,583 lbs",Null,18 city/28 hwy,"6-cyl, Gas, 3.0L",Rear Wheel Drive,Automatic,Burgundy/Gray,None,2']
98,2014 Chevrolet Camaro LT,"$22,998*",39K miles,9 year(s),,Null,,278 torque@4800rpm,323 horsepower@6800rpm,19.0 gal,"190.6"" L x 75.50"" W x 54.20"" H","112.30""",P245/55R18,"42.40""","37.40""",Null,"3,738 lbs",Null,17 city/28 hwy,"6-cyl, Gas, 3.6L",Null,Automatic,Red/Black,None,2']
99,2014 Ford Mustang,"$16,998*",110K miles,9 year(s),,Null,,280 torque@4250rpm,305 horsepower@6500rpm,16 gal,"188.5"" L x 73.9"" W x 55.8"" H","107.1""",P215/65TR17,"42.4""","38.5""",Null,"3,501 lbs",Null,19 city/29 hwy,"6-cyl, Gas, 3.7L",Null,Automatic,Blue/Tan,None,2']
100,2019 Chevrolet Camaro 2SS,"$34,998*",54K miles,4 year(s),No Accidents or Damage Reported,Null,,455 torque@4400rpm,455 horsepower@6000rpm,19.0 gal,"188.3"" L x 74.7"" W x 52.9"" H","110.7""",245/40ZR20,"43.9""","38.4""",Null,"3,956 lbs",Null,16 city/24 hwy,"8-cyl, Gas, 6.2L",Null,Automatic,Silver/Black,None,2']
101,2018 Subaru BRZ Limited,"$28,998*",23K miles,5 year(s),No Accidents or Damage Reported,Null,,151 torque@6400rpm,200 horsepower@7000rpm,13.2 gal,"166.7"" L x 69.9"" W x 50.6"" H","101.2""",P215/45WR17,"41.9""","37.1""",Null,"2,840 lbs",Null,24 city/33 hwy,"4-cyl, Gas, 2.0L",Rear Wheel Drive,Automatic,Blue/Black,None,2']
102,2019 Ford Mustang Ecoboost,"$24,998*",55K miles,4 year(s),No Accidents or Damage Reported,Null,2 Service Record(s) Reported,350 torque@3000rpm,310 horsepower@5500rpm,16 gal,"188.3"" L x 75.4"" W x 54.4"" H","107.1""",P235/55WR17,"44.5""","37.6""",Null,"3,532 lbs",Null,21 city/31 hwy,"4-cyl, Turbo Gas, 2.3L",Null,Automatic,Red/Black,None,2']
103,2022 Ford Mustang Ecoboost Premium,"$29,998*",33K miles,1 year(s),No Accidents or Damage Reported,Null,,350 torque@3000rpm,310 horsepower@5500rpm,16 gal,"188.3"" L x 75.4"" W x 54.4"" H","107.1""",P235/50WR18,"44.5""","37.6""",Null,"3,532 lbs",Null,29 hwy,"4-cyl, Turbo Gas, 2.3L",Null,Automatic,Black/Black,None,2']
104,2021 Dodge Challenger SXT,"$26,998*",59K miles,2 year(s),,Null,,268 torque@4800rpm,303 horsepower@6350rpm,18.5 gal,"197.9"" L x 75.7"" W x 58.4"" H","116.2""",P235/55HR19,"42""","39.3""",Null,"4,057 lbs",Null,18 city/27 hwy,"6-cyl, Gas, 3.6L",All Wheel Drive,Automatic,Black/Black,None,2']
105,2014 Chevrolet Camaro LT,"$22,998*",46K miles,9 year(s),No Accidents or Damage Reported,Null,,278 torque@4800rpm,323 horsepower@6800rpm,19.0 gal,"190.6"" L x 75.50"" W x 54.20"" H","112.30""",P245/55R18,"42.40""","37.40""",Null,"3,738 lbs",Null,17 city/28 hwy,"6-cyl, Gas, 3.6L",Null,Automatic,Red/Black,None,2']
106,2014 Chevrolet Camaro LT,"$20,998*",70K miles,9 year(s),,Null,4 Service Record(s) Reported,278 torque@4800rpm,323 horsepower@6800rpm,19.0 gal,"190.6"" L x 75.50"" W x 54.20"" H","112.30""",P245/55R18,"42.40""","37.40""",Null,"3,738 lbs",Null,17 city/28 hwy,"6-cyl, Gas, 3.6L",Null,Automatic,White/Black,None,2']
107,2020 Ford Mustang Shelby GT350,"$59,998*",28K miles,3 year(s),,Null,,429 torque@4750rpm,526 horsepower@7500rpm,16 gal,"188.9"" L x 75.9"" W x 54.2"" H","107.1""",P295/35ZR19,"44.5""","37.6""",Null,"3,760 lbs",Null,14 city/21 hwy,"8-cyl, Gas, 5.2L",Rear Wheel Drive,Manual 6 Speed,Gray/Gray,None,2']
108,2020 Ford Mustang Ecoboost,"$24,998*",46K miles,3 year(s),No Accidents or Damage Reported,Null,,350 torque@3000rpm,310 horsepower@5500rpm,16 gal,"188.3"" L x 75.4"" W x 54.4"" H","107.1""",P235/55WR17,"44.5""","37.6""",Null,"3,532 lbs",Null,21 city/30 hwy,"4-cyl, Turbo Gas, 2.3L",Null,Automatic,Gray/Black,None,2']
109,2021 Dodge Challenger R/T Scat Pack,"$43,998*",11K miles,2 year(s),,Null,,475 torque@4100rpm,485 horsepower@6100rpm,18.5 gal,"197.9"" L x 75.7"" W x 57.7"" H","116.2""",P245/45YR20,"42""","39.3""",Null,"4,230 lbs",Null,14 city/23 hwy,"8-cyl, Gas, 6.4L",Null,Automatic,Silver/Black,None,2']
110,2013 Mini Cooper S,"$22,998*",19K miles,10 year(s),No Accidents or Damage Reported,Null,,177 torque@1600-5000rpm,175 horsepower@5500rpm,13.208 gal,"146.220"" L x 66.259"" W x 55.669"" H","97.125""",P195/55R16,"41.700""","38.425""",Null,"2,711 lbs",Null,26 city/35 hwy,"4-cyl, Turbo Gas, 1.6L",Front Wheel Drive,Automatic,White/Tan,None,2']
111,2012 Cadillac CTS Performance,"$16,998*",109K miles,11 year(s),,Null,,Null,Null,Null,Null,Null,Null,Null,Null,Null,Null,Null,Null,"6-cyl, , 3.6L",Null,Automatic,Black/Black,None,2']
112,2019 Chevrolet Camaro 2SS,"$38,998*",36K miles,4 year(s),Multiple Damage Events,Null,,455 torque@4400rpm,455 horsepower@6000rpm,19.0 gal,"188.3"" L x 74.7"" W x 53.1"" H","110.7""",245/40ZR20,"43.9""","38.5""",Null,"3,685 lbs",Null,16 city/24 hwy,"8-cyl, Gas, 6.2L",Null,Automatic,Blue/Black,None,2']
113,2018 Dodge Challenger R/T Plus Shaker,"$32,998*",54K miles,5 year(s),No Accidents or Damage Reported,Null,,Null,Null,Null,Null,Null,Null,Null,Null,Null,Null,Null,15 city/23 hwy,"8-cyl, Gas, 5.7L",Rear Wheel Drive,Automatic,Red/Black,None,2']
114,2021 Dodge Challenger SXT,"$27,998*",22K miles,2 year(s),No Accidents or Damage Reported,Null,,268 torque@4800rpm,303 horsepower@6350rpm,18.5 gal,"197.9"" L x 75.7"" W x 57.7"" H","116.2""",P235/55HR18,"42""","39.3""",Null,"3,858 lbs",Null,19 city/30 hwy,"6-cyl, Gas, 3.6L",Rear Wheel Drive,Automatic,White/Black,None,2']
115,2018 Chevrolet Corvette Stingray,"$48,998*",48K miles,5 year(s),No Accidents or Damage Reported,Null,,460 torque@4600rpm,455 horsepower@6000rpm,18.5 gal,"176.9"" L x 73.9"" W x 48.8"" H","106.7""",P245/35ZR19,"43""","37.9""",Null,"3,298 lbs",Null,16 city/25 hwy,"8-cyl, Gas, 6.2L",Rear Wheel Drive,Automatic,Blue/Black,None,2']
116,2013 Mercedes-Benz C250,"$17,998*",76K miles,10 year(s),,Null,,229 torque@2200 - 4300rpm,201 horsepower@5500rpm,17.4 gal,"180.7"" L x 69.7"" W x 54.8"" H","108.7""",P225/45R17,"""","37.0""",Null,"3,419 lbs",Null,21 city/31 hwy,"4-cyl, Turbo Gas, 1.8L",Rear Wheel Drive,Automatic,Gray/Black,None,2']
117,2019 Dodge Challenger SXT,"$24,998*",59K miles,4 year(s),No Accidents or Damage Reported,Null,,268 torque@4800rpm,305 horsepower@6350rpm,18.5 gal,"197.9"" L x 75.7"" W x 57.5"" H","116.2""",P235/55HR18,"42""","39.3""",Null,"3,894 lbs",Null,19 city/30 hwy,"6-cyl, Gas, 3.6L",Rear Wheel Drive,Automatic,Red/Black,None,2']
118,2017 Nissan 370Z,"$23,998*",85K miles,6 year(s),No Accidents or Damage Reported,Null,4 Service Record(s) Reported,270 torque@5200rpm,332 horsepower@7000rpm,19 gal,"167.5"" L x 72.6"" W x 51.8"" H","100.4""",P225/50WR18,"42.9""","38.2""",Null,"3,332 lbs",Null,19 city/26 hwy,"6-cyl, Gas, 3.7L",Rear Wheel Drive,Automatic,Pearl/Black,None,2']
119,2018 Dodge Challenger SRT 392,"$43,998*",38K miles,5 year(s),No Accidents or Damage Reported,Null,4 Service Record(s) Reported,475 torque@4100rpm,485 horsepower@6100rpm,18.5 gal,"198"" L x 75.7"" W x 55.9"" H","116.2""",P275/40YR20,"42""","39.3""",Null,"4,279 lbs",Null,14 city/23 hwy,"8-cyl, Gas, 6.4L",Rear Wheel Drive,Automatic,Black/Black,None,2']
120,2018 Chevrolet Camaro SS,"$37,998*",21K miles,5 year(s),No Accidents or Damage Reported,Null,,455 torque@4400rpm,455 horsepower@6000rpm,19.0 gal,"188.30"" L x 74.70"" W x 53.10"" H","110.70""",P245/40ZR20,"43.90""","38.50""",Null,"3,685 lbs",Null,16 city/25 hwy,"8-cyl, Gas, 6.2L",Rear Wheel Drive,Automatic,Black/Black,None,2']
121,2022 Ford Mustang Ecoboost Premium,"$26,998*",43K miles,1 year(s),No Accidents or Damage Reported,Null,,350 torque@3000rpm,310 horsepower@5500rpm,16 gal,"188.3"" L x 75.4"" W x 54.4"" H","107.1""",P235/50WR18,"44.5""","37.6""",Null,"3,532 lbs",Null,29 hwy,"4-cyl, Turbo Gas, 2.3L",Null,Automatic,Silver/Black,None,2']
122,2020 Dodge Challenger SXT,"$26,998*",43K miles,3 year(s),No Accidents or Damage Reported,Null,,268 torque@4800rpm,305 horsepower@6350rpm,18.5 gal,"197.9"" L x 75.7"" W x 57.5"" H","116.2""",P235/55HR18,"42""","39.3""",Null,"3,858 lbs",Null,19 city/30 hwy,"6-cyl, Gas, 3.6L",Rear Wheel Drive,Automatic,Gray/Black,None,2']
123,2020 Dodge Challenger SXT,"$26,998*",44K miles,3 year(s),No Accidents or Damage Reported,Null,,268 torque@4800rpm,305 horsepower@6350rpm,18.5 gal,"197.9"" L x 75.7"" W x 57.5"" H","116.2""",P235/55HR18,"42""","39.3""",Null,"3,858 lbs",Null,19 city/30 hwy,"6-cyl, Gas, 3.6L",Rear Wheel Drive,Automatic,White/Black,None,2']
124,2023 Nissan Z Performance,"$57,998*",5K miles,Current Year,No Accidents or Damage Reported,Null,,350 torque@5200rpm,400 horsepower@6400rpm,Null,"172.4"" L x 72.6"" W x 51.8"" H","100.4""",P255/40WR19,"42.9""","38.2""",Null,Null,Null,19 city/28 hwy,"6-cyl, Turbo Gas, 3.0L",Rear Wheel Drive,Automatic,Black/Blue,None,2']
125,2013 Chevrolet Camaro ZL1,"$42,998*",18K miles,10 year(s),,Null,2 Service Record(s) Reported,556 torque@4200rpm,580 horsepower@6000rpm,19.0 gal,"190.40"" L x 75.50"" W x 54.20"" H","112.30""",P285/35ZR20,"42.40""","37.40""",Null,"4,120 lbs",Null,14 city/19 hwy,"8-cyl, Supercharged Gas, 6.2L",Rear Wheel Drive,Manual 6 Speed,Black/Black,None,2']
126,2015 Ford Mustang Ecoboost,"$22,998*",34K miles,8 year(s),No Accidents or Damage Reported,Null,4 Service Record(s) Reported,320 torque@2500rpm,310 horsepower@5500rpm,15.5 gal,"188.3"" L x 75.4"" W x 54.4"" H","107.1""",P235/55HR17,"44.5""","37.6""",Null,"3,532 lbs",Null,22 city/31 hwy,"4-cyl, Turbo Gas, 2.3L",Null,Automatic,White/Black,None,2']
127,2017 Chevrolet Camaro LT,"$27,998*",43K miles,6 year(s),No Accidents or Damage Reported,Null,,284 torque@5300rpm,335 horsepower@6800rpm,19.0 gal,"188.30"" L x 74.70"" W x 53.10"" H","110.70""",P245/50R18,"43.90""","38.50""",Null,"3,354 lbs",Null,16 city/28 hwy,"6-cyl, Gas, 3.6L",Rear Wheel Drive,Automatic,Black/Black,None,2']
128,2019 Buick Cascada Premium,"$28,998*",24K miles,4 year(s),No Accidents or Damage Reported,Null,,207 torque@1800-4500rpm,200 horsepower@5500rpm,14.3 gal,"184.9"" L x 72.4"" W x 56.8"" H","106.1""",P245/40R20,"42.2""","37.8""",Null,"3,979 lbs",Null,21 city/29 hwy,"4-cyl, Turbo Gas, 1.6L",Front Wheel Drive,Automatic,White/Tan,None,2']
129,2022 Chevrolet Camaro 1LT,"$26,998*",35K miles,1 year(s),No Accidents or Damage Reported,Null,,295 torque@3000-4500rpm,275 horsepower@5600rpm,19.0 gal,"188.3"" L x 74.7"" W x 53.1"" H","110.7""",245/50R18,"43.9""","38.5""",Null,"3,354 lbs",Null,29 hwy,"4-cyl, Turbo Gas, 2.0L",Null,Automatic,Black/Gray,None,2']
130,2018 Dodge Challenger GT,"$26,998*",55K miles,5 year(s),No Accidents or Damage Reported,Null,1 Service Record(s) Reported,268 torque@4800rpm,305 horsepower@6350rpm,18.5 gal,"197.9"" L x 75.7"" W x 57.5"" H","116.2""",P235/55HR19,"42""","39.3""",Null,"4,108 lbs",Null,18 city/27 hwy,"6-cyl, Gas, 3.6L",All Wheel Drive,Automatic,Gray/Black,None,2']
131,2018 Honda Civic SI,"$23,998*",77K miles,5 year(s),,Null,2 Service Record(s) Reported,192 torque@2100rpm,205 horsepower@5700rpm,12.4 gal,"177.3"" L x 70.9"" W x 54.7"" H","106.3""",P235/40WR18,"42.3""","36.5""",Null,"2,889 lbs",Null,28 city/38 hwy,"4-cyl, Turbo Gas, 1.5L",Front Wheel Drive,Manual 6 Speed,Gray/Black,None,2']
132,2018 Infiniti Q60 Red Sport 400,"$36,998*",41K miles,5 year(s),,Null,,350 torque@1600rpm,400 horsepower@6400rpm,20 gal,"184.4"" L x 72.8"" W x 54.9"" H","112.2""",P255/35VR20,"43.1""","37.4""",Null,"4,024 lbs",Null,19 city/26 hwy,"6-cyl, Turbo Gas, 3.0L",All Wheel Drive,Automatic,Silver/Red,None,2']
133,2022 Ford Mustang Ecoboost Premium,"$26,998*",37K miles,1 year(s),No Accidents or Damage Reported,Null,,350 torque@3000rpm,310 horsepower@5500rpm,16 gal,"188.3"" L x 75.4"" W x 54.4"" H","107.1""",P235/50WR18,"44.5""","37.6""",Null,"3,532 lbs",Null,29 hwy,"4-cyl, Turbo Gas, 2.3L",Null,Automatic,Gray/Black,None,2']
134,2021 Ford Mustang Ecoboost Premium,"$30,998*",14K miles,2 year(s),No Accidents or Damage Reported,Null,,350 torque@3000rpm,310 horsepower@5500rpm,16 gal,"188.3"" L x 75.4"" W x 54.9"" H","107.1""",P235/50WR18,"44.5""","37.6""",Null,"3,642 lbs",Null,27 hwy,"4-cyl, Turbo Gas, 2.3L",Null,Automatic,Silver/Black,None,2']
135,2020 BMW 430 I xDrive,"$33,998*",22K miles,3 year(s),,Null,1 Service Record(s) Reported,258 torque@1450rpm,248 horsepower@5200rpm,15.8 gal,"182.7"" L x 71.9"" W x 54.8"" H","110.6""",P225/45VR18,"42.2""","39.8""",Null,"3,697 lbs",Null,21 city/31 hwy,"4-cyl, Turbo Gas, 2.0L",All Wheel Drive,Automatic,Gray/Black,None,2']
136,2017 Dodge Challenger R/T Scat Pack,"$33,998*",56K miles,6 year(s),No Accidents or Damage Reported,Null,3 Service Record(s) Reported,475 torque@4100rpm,485 horsepower@6100rpm,18.5 gal,"197.9"" L x 75.7"" W x 57.5"" H","116.2""",P245/45YR20,"42""","39.3""",Null,"4,232 lbs",Null,14 city/23 hwy,"8-cyl, Gas, 6.4L",Rear Wheel Drive,Manual 6 Speed,White/Black,None,2']
137,2015 Ford Mustang Ecoboost,"$21,998*",53K miles,8 year(s),No Accidents or Damage Reported,Null,8 Service Record(s) Reported,Null,Null,Null,Null,Null,Null,Null,Null,Null,Null,Null,22 city/31 hwy,"4-cyl, Turbo Gas, 2.3L",Rear Wheel Drive,Automatic,Black/Black,None,2']
138,2019 Dodge Challenger SXT,"$27,998*",27K miles,4 year(s),No Accidents or Damage Reported,Null,2 Service Record(s) Reported,268 torque@4800rpm,305 horsepower@6350rpm,18.5 gal,"197.9"" L x 75.7"" W x 57.5"" H","116.2""",P235/55HR18,"42""","39.3""",Null,"3,894 lbs",Null,19 city/30 hwy,"6-cyl, Gas, 3.6L",Rear Wheel Drive,Automatic,Silver/Black,None,2']
139,2016 Buick Cascada Premium,"$19,998*",78K miles,7 year(s),No Accidents or Damage Reported,Null,20 Service Record(s) Reported,206,200,14.3 gal,"184.9"" L x 72.4"" W x 56.8"" H","106.1""",P245/40R20,"42.2""","37.8""",Null,"3,979 lbs",Null,20 city/27 hwy,"4-cyl, Turbo Gas, 1.6L",Front Wheel Drive,Automatic,White/Tan,None,2']
140,2019 Ford Mustang Ecoboost,"$25,998*",21K miles,4 year(s),No Accidents or Damage Reported,Null,2 Service Record(s) Reported,Null,Null,Null,Null,Null,Null,Null,Null,Null,Null,Null,21 city/31 hwy,"4-cyl, Turbo Gas, 2.3L",Rear Wheel Drive,Automatic,Black/Black,None,2']
141,2013 Hyundai Elantra GS,"$15,998*",32K miles,10 year(s),No Accidents or Damage Reported,Null,,131 torque@4700rpm,148 horsepower@6500rpm,13.200 gal,"178.700"" L x 69.900"" W x 56.500"" H","106.300""",P205/55R16,"43.600""","39.800""",Null,"2,729 lbs",Null,27 city/37 hwy,"4-cyl, Gas, 1.8L",Front Wheel Drive,Automatic,Blue/Gray,None,2']
142,2021 Ford Mustang Ecoboost Premium,"$28,998*",29K miles,2 year(s),No Accidents or Damage Reported,Null,,350 torque@3000rpm,310 horsepower@5500rpm,16 gal,"188.3"" L x 75.4"" W x 54.4"" H","107.1""",P235/50WR18,"44.5""","37.6""",Null,"3,532 lbs",Null,29 hwy,"4-cyl, Turbo Gas, 2.3L",Null,Automatic,Silver/Black,None,2']
143,2017 Dodge Challenger 392 Hemi Scat Pack Shaker,"$38,998*",25K miles,6 year(s),,Null,,475 torque@4100rpm,485 horsepower@6100rpm,18.5 gal,"197.9"" L x 75.7"" W x 57.5"" H","116.2""",P245/45YR20,"42""","39.3""",Null,"4,232 lbs",Null,14 city/23 hwy,"8-cyl, Gas, 6.4L",Rear Wheel Drive,Automatic,Gray/Black,None,2']
144,2021 Ford Mustang Ecoboost,"$29,998*",9K miles,2 year(s),,Null,,350 torque@3000rpm,310 horsepower@5500rpm,16 gal,"188.3"" L x 75.4"" W x 54.4"" H","107.1""",P235/55WR17,"44.5""","37.6""",Null,"3,532 lbs",Null,29 hwy,"4-cyl, Turbo Gas, 2.3L",Null,Automatic,Black/Black,None,2']
145,2015 Infiniti Q60 Limited,"$23,998*",75K miles,8 year(s),No Accidents or Damage Reported,Null,,276 torque@5200rpm,348 horsepower@7400rpm,20 gal,"185.1"" L x 71.8"" W x 54.9"" H","112.2""",P225/45WR19,"43.8""","37.7""",Null,"3,781 lbs",Null,19 city/27 hwy,"6-cyl, Gas, 3.7L",Rear Wheel Drive,Automatic,White/Black,None,2']
146,2019 Mercedes-Benz C300,"$28,998*",77K miles,4 year(s),,Null,,273 torque@1800rpm,255 horsepower@5800rpm,17.4 gal,"184.5"" L x 71.3"" W x 55.3"" H","111.8""",P225/45HR18,"42""","38.8""",Null,"3,682 lbs",Null,22 city/31 hwy,"4-cyl, Turbo Gas, 2.0L",All Wheel Drive,Automatic,Gray/Black,None,2']
147,2017 Ford Mustang Ecoboost,"$23,998*",58K miles,6 year(s),No Accidents or Damage Reported,Null,2 Service Record(s) Reported,320 torque@2500rpm,310 horsepower@5500rpm,15.5 gal,"188.3"" L x 75.4"" W x 54.4"" H","107.1""",P235/50WR18,"44.5""","37.6""",Null,"3,532 lbs",Null,21 city/30 hwy,"4-cyl, Turbo Gas, 2.3L",Null,Automatic,Black/Black,None,2']
148,2016 Cadillac ELR,"$24,998*",72K miles,7 year(s),,Null,5 Service Record(s) Reported,373,233,9.3 gal,"186.00"" L x 72.70"" W x 55.90"" H","106.10""",P245/40R20,"42.20""","36.90""",Null,"4,065 lbs",Null,Null,"4-cyl, Plug-in Hybrid, 1.4L",Front Wheel Drive,Automatic,Burgundy/Black,None,2']
149,2021 Chevrolet Camaro LT1,"$42,998*",11K miles,2 year(s),No Accidents or Damage Reported,Null,,455 torque@4400rpm,455 horsepower@6000rpm,19.0 gal,"188.3"" L x 74.7"" W x 52.9"" H","110.7""",245/40R20,"43.9""","38.4""",Null,"3,865 lbs",Null,Null,"8-cyl, Gas, 6.2L",Null,Automatic,Black/Black,None,2']
150,2014 Smart Fortwo Passion,"$9,599*",84K miles,9 year(s),No Accidents or Damage Reported,Null,,68 torque@4500rpm,70 horsepower@5800rpm,8.7 gal,"106.1"" L x 61.4"" W x 60.7"" H","73.5""",P155/60TR15,"41.2""","39.7""",Null,"1,808 lbs",Null,34 city/38 hwy,"3-cyl, Gas, 1.0L",Rear Wheel Drive,Automatic,White/Black,None,2']
151,2016 Ford Mustang Ecoboost,"$19,998*",81K miles,7 year(s),,Null,4 Service Record(s) Reported,320 torque@2500rpm,310 horsepower@5500rpm,15.5 gal,"188.3"" L x 75.4"" W x 54.4"" H","107.1""",P235/50WR18,"44.5""","37.6""",Null,"3,532 lbs",Null,22 city/31 hwy,"4-cyl, Turbo Gas, 2.3L",Null,Automatic,Black/Black,None,2']
152,2014 Dodge Challenger R/T,"$25,998*",34K miles,9 year(s),No Accidents or Damage Reported,Null,2 Service Record(s) Reported,410 torque@4300rpm,375 horsepower@5150rpm,19.5 gal,"197.7"" L x 75.7"" W x 57.1"" H","116""",P245/45YR20,"42""","39.3""",Null,"4,082 lbs",Null,15 city/23 hwy,"8-cyl, Gas, 5.7L",Rear Wheel Drive,Manual 6 Speed,Black/Black,None,2']
153,2016 Ford Mustang GT,"$29,998*",49K miles,7 year(s),No Accidents or Damage Reported,Null,,Null,Null,Null,Null,Null,Null,Null,Null,Null,Null,Null,15 city/25 hwy,"8-cyl, Gas, 5.0L",Null,Manual 6 Speed,Black/Black,None,2']
154,2020 Ford Mustang Ecoboost,"$23,998*",74K miles,3 year(s),No Accidents or Damage Reported,Null,,350 torque@3000rpm,310 horsepower@5500rpm,16 gal,"188.3"" L x 75.4"" W x 54.4"" H","107.1""",P235/55WR17,"44.5""","37.6""",Null,"3,532 lbs",Null,21 city/30 hwy,"4-cyl, Turbo Gas, 2.3L",Null,Automatic,Silver/Black,None,2']
155,2022 Ford Mustang Ecoboost,"$29,998*",18K miles,1 year(s),No Accidents or Damage Reported,Null,,350 torque@3000rpm,310 horsepower@5500rpm,16 gal,"188.3"" L x 75.4"" W x 54.4"" H","107.1""",P235/55WR17,"44.5""","37.6""",Null,"3,532 lbs",Null,29 hwy,"4-cyl, Turbo Gas, 2.3L",Null,Automatic,Blue/Black,None,2']
156,2018 Chevrolet Camaro SS,"$37,998*",46K miles,5 year(s),,Null,1 Service Record(s) Reported,455 torque@4400rpm,455 horsepower@6000rpm,19.0 gal,"188.30"" L x 74.70"" W x 53.10"" H","110.70""",P245/40ZR20,"43.90""","38.50""",Null,"3,685 lbs",Null,16 city/25 hwy,"8-cyl, Gas, 6.2L",Rear Wheel Drive,Automatic,Blue/Black,None,2']
157,2020 Dodge Challenger R/T,"$37,998*",7K miles,3 year(s),No Accidents or Damage Reported,Null,2 Service Record(s) Reported,410 torque@4300rpm,375 horsepower@5150rpm,18.5 gal,"197.9"" L x 75.7"" W x 57.5"" H","116.2""",P245/45YR20,"42""","39.3""",Null,"4,182 lbs",Null,15 city/23 hwy,"8-cyl, Gas, 5.7L",Null,Automatic,Black/Black,None,2']
158,2015 Chevrolet Camaro SS,"$25,998*",85K miles,8 year(s),No Accidents or Damage Reported,Null,5 Service Record(s) Reported,420 torque@4600rpm,426 horsepower@5900rpm,19.0 gal,"190.6"" L x 75.50"" W x 54.20"" H","112.30""",P245/45R20,"42.40""","37.40""",Null,"3,908 lbs",Null,16 city/24 hwy,"8-cyl, Gas, 6.2L",Rear Wheel Drive,Automatic,Black/Black,None,2']
159,2022 Dodge Challenger R/T Scat Pack Widebody,"$52,998*",8K miles,1 year(s),No Accidents or Damage Reported,Null,,475 torque@4100rpm,485 horsepower@6100rpm,18.5 gal,"197.9"" L x 78.3"" W x 57.5"" H","116.2""",P305/35YR20,"42""","39.3""",Null,"4,298 lbs",Null,Null,"8-cyl, Gas, 6.4L",Null,Automatic,White/Black,None,2']
160,2014 Infiniti Q60 S,"$17,998*",119K miles,9 year(s),,Null,,270 torque@5200rpm,330 horsepower@7000rpm,20 gal,"183.7"" L x 71.8"" W x 54.9"" H","112.2""",P225/45WR19,"43.8""","37.7""",Null,"3,708 lbs",Null,17 city/25 hwy,"6-cyl, Gas, 3.7L",Rear Wheel Drive,Manual 6 Speed,Black/Black,None,2']
161,2015 Volkswagen Beetle,"$24,998*",25K miles,8 year(s),No Accidents or Damage Reported,Null,,184 torque@1500rpm,170 horsepower@4800rpm,14.5 gal,"168.4"" L x 71.2"" W x 58"" H","100""",P235/45HR18,"41.3""","39.3""",Null,"3,225 lbs",Null,24 city/32 hwy,"4-cyl, Turbo Gas, 1.8L",Front Wheel Drive,Automatic,Red/Black,None,2']
162,2019 Mini Cooper S,"$32,998*",3K miles,4 year(s),,Null,,207 torque@1350rpm,189 horsepower@4400rpm,11.6 gal,"151.9"" L x 68"" W x 55.7"" H","98.2""",P195/55VR16,"41.4""","39.8""",Null,"2,985 lbs",Null,23 city/32 hwy,"4-cyl, Turbo Gas, 2.0L",Front Wheel Drive,Automatic,Silver/Brown,None,2']
163,2016 Honda Civic Touring,"$18,998*",85K miles,7 year(s),No Accidents or Damage Reported,Null,,162 torque@1700rpm,174 horsepower@6000rpm,12.4 gal,"176.9"" L x 70.8"" W x 54.9"" H","106.3""",P215/50HR17,"42.3""","36.5""",Null,"2,888 lbs",Null,31 city/41 hwy,"4-cyl, Turbo Gas, 1.5L",Front Wheel Drive,Automatic,Black/Black,None,2']
164,2017 Mercedes-Benz AMG GT,"$74,998*",28K miles,6 year(s),,Null,3 Service Record(s) Reported,443 torque@1600rpm,456 horsepower@6000rpm,19.8 gal,"179"" L x 76.3"" W x 50.7"" H","103.5""",P255/35ZR19,"""","39.5""",Null,"3,560 lbs",Null,16 city/22 hwy,"8-cyl, Turbo Gas, 4.0L",Rear Wheel Drive,Automatic,White/Brown,None,2']
165,2013 Ford Mustang,"$16,998*",73K miles,10 year(s),No Accidents or Damage Reported,Null,,280 torque@4250rpm,305 horsepower@6500rpm,16.000 gal,"188.500"" L x 73.900"" W x 55.600"" H","107.100""",P215/60R17,"42.400""","38.500""",Null,"3,501 lbs",Null,19 city/29 hwy,"6-cyl, Gas, 3.7L",Null,Automatic,Silver/Black,None,2']
166,2020 Ford Mustang Ecoboost Premium,"$29,998*",28K miles,3 year(s),No Accidents or Damage Reported,Null,5 Service Record(s) Reported,350 torque@3000rpm,310 horsepower@5500rpm,16 gal,"188.3"" L x 75.4"" W x 54.4"" H","107.1""",P235/50WR18,"44.5""","37.6""",Null,"3,532 lbs",Null,21 city/30 hwy,"4-cyl, Turbo Gas, 2.3L",Null,Automatic,Silver/Black,None,2']
167,2020 Ford Mustang Ecoboost,"$26,998*",23K miles,3 year(s),,Null,1 Service Record(s) Reported,350 torque@3000rpm,310 horsepower@5500rpm,16 gal,"188.3"" L x 75.4"" W x 54.4"" H","107.1""",P235/55WR17,"44.5""","37.6""",Null,"3,532 lbs",Null,21 city/30 hwy,"4-cyl, Turbo Gas, 2.3L",Null,Automatic,Black/Black,None,2']
168,2021 Ford Mustang GT Premium,"$40,998*",12K miles,2 year(s),No Accidents or Damage Reported,Null,,420 torque@4600rpm,460 horsepower@7500rpm,16 gal,"188.3"" L x 75.4"" W x 54.9"" H","107.1""",P235/50WR18,"44.5""","37.6""",Null,"3,825 lbs",Null,Null,"8-cyl, Gas, 5.0L",Null,Automatic,White/Black,None,2']
169,2013 Audi A5 Premium Plus,"$19,998*",73K miles,10 year(s),,Null,4 Service Record(s) Reported,258 torque@1500rpm,211 horsepower@4300rpm,16.900 gal,"182.100"" L x 73.000"" W x 54.400"" H","108.300""",P245/40R18,"41.300""","40.000""",Null,"4,034 lbs",Null,20 city/30 hwy,"4-cyl, Turbo Gas, 2.0L",All Wheel Drive,Automatic,Gray/Black,None,2']
170,2020 Ford Mustang Ecoboost,"$23,998*",42K miles,3 year(s),,Null,,350 torque@3000rpm,310 horsepower@5500rpm,16 gal,"188.3"" L x 75.4"" W x 54.4"" H","107.1""",P235/55WR17,"44.5""","37.6""",Null,"3,532 lbs",Null,21 city/30 hwy,"4-cyl, Turbo Gas, 2.3L",Null,Automatic,Gray/Black,None,2']
171,2022 BMW 430 I xDrive,"$35,998*",44K miles,1 year(s),No Accidents or Damage Reported,Null,,294 torque@1550rpm,255 horsepower@5000rpm,15.6 gal,"187.9"" L x 72.9"" W x 54.8"" H","112.2""",P225/45HR18,"41.8""","38""",Null,"3,708 lbs",Null,23 city/33 hwy,"4-cyl, Turbo Gas, 2.0L",All Wheel Drive,Automatic,White/Tan,None,2']
172,2021 Ford Mustang Ecoboost Premium,"$25,998*",42K miles,2 year(s),No Accidents or Damage Reported,Null,2 Service Record(s) Reported,350 torque@3000rpm,310 horsepower@5500rpm,16 gal,"188.3"" L x 75.4"" W x 54.9"" H","107.1""",P235/50WR18,"44.5""","37.6""",Null,"3,642 lbs",Null,27 hwy,"4-cyl, Turbo Gas, 2.3L",Null,Automatic,White/Black,None,2']
173,2021 Dodge Challenger R/T Scat Pack,"$41,998*",13K miles,2 year(s),No Accidents or Damage Reported,Null,,475 torque@4100rpm,485 horsepower@6100rpm,18.5 gal,"197.9"" L x 75.7"" W x 57.7"" H","116.2""",P245/45YR20,"42""","39.3""",Null,"4,230 lbs",Null,14 city/23 hwy,"8-cyl, Gas, 6.4L",Null,Automatic,Blue/Black,None,2']
174,2023 BMW M2,"$70,998*",1K miles,Current Year,No Accidents or Damage Reported,Null,,406 torque@2650rpm,453 horsepower@6250rpm,13.7 gal,"180.3"" L x 74.3"" W x 55.2"" H","108.1""",P275/30YR19,"41.5""","40.1""",Null,"3,814 lbs",Null,Null,"6-cyl, Turbo Gas, 3.0L",Rear Wheel Drive,Manual 6 Speed,Black/Tan,None,2']
175,2018 Chevrolet Camaro LT,"$25,998*",39K miles,5 year(s),No Accidents or Damage Reported,Null,,284 torque@5300rpm,335 horsepower@6800rpm,19.0 gal,"188.30"" L x 74.70"" W x 53.10"" H","110.70""",P245/50R18,"43.90""","38.50""",Null,"3,339 lbs",Null,19 city/29 hwy,"6-cyl, Gas, 3.6L",Rear Wheel Drive,Automatic,Silver/Black,None,2']
176,2017 Volkswagen Beetle Classic,"$21,998*",88K miles,6 year(s),No Accidents or Damage Reported,Null,,184 torque@1500rpm,170 horsepower@4800rpm,14.5 gal,"168.4"" L x 71.2"" W x 58"" H","100""",P215/55HR17,"41.3""","39.3""",Null,"3,225 lbs",Null,24 city/33 hwy,"4-cyl, Turbo Gas, 1.8L",Front Wheel Drive,Automatic,Orange/Gray,None,2']
177,2017 Volkswagen Beetle SE,"$29,998*",19K miles,6 year(s),Multiple Damage Events,Null,,184 torque@1500rpm,170 horsepower@4800rpm,14.5 gal,"168.4"" L x 71.2"" W x 58"" H","100""",P215/55HR17,"41.3""","39.3""",Null,"3,225 lbs",Null,24 city/33 hwy,"4-cyl, Turbo Gas, 1.8L",Front Wheel Drive,Automatic,White/Cream,None,2']
178,2019 Chevrolet Camaro LT,"$25,998*",55K miles,4 year(s),No Accidents or Damage Reported,Null,5 Service Record(s) Reported,295 torque@3000-4500rpm,275 horsepower@5600rpm,19.0 gal,"188.3"" L x 74.7"" W x 53.1"" H","110.7""",245/50R18,"43.9""","38.5""",Null,"3,354 lbs",Null,20 city/30 hwy,"4-cyl, Turbo Gas, 2.0L",Null,Automatic,Red/Black,None,2']
179,2020 Ford Mustang Ecoboost Premium,"$27,998*",32K miles,3 year(s),,Null,,350 torque@3000rpm,310 horsepower@5500rpm,16 gal,"188.3"" L x 75.4"" W x 54.9"" H","107.1""",P235/50WR18,"44.5""","37.6""",Null,"3,642 lbs",Null,20 city/28 hwy,"4-cyl, Turbo Gas, 2.3L",Null,Automatic,Gray/Black,None,2']
180,2020 BMW 230 I,"$32,998*",23K miles,3 year(s),,Null,,258 torque@1450rpm,248 horsepower@5200rpm,13.7 gal,"174.7"" L x 69.8"" W x 55.6"" H","105.9""",P205/50HR17,"41.5""","40.5""",Null,"3,680 lbs",Null,23 city/34 hwy,"4-cyl, Turbo Gas, 2.0L",Rear Wheel Drive,Automatic,White/Black,None,2']
181,2021 Ford Mustang Ecoboost,"$25,998*",30K miles,2 year(s),No Accidents or Damage Reported,Null,,350 torque@3000rpm,310 horsepower@5500rpm,16 gal,"188.3"" L x 75.4"" W x 54.4"" H","107.1""",P235/55WR17,"44.5""","37.6""",Null,"3,532 lbs",Null,29 hwy,"4-cyl, Turbo Gas, 2.3L",Rear Wheel Drive,Manual 6 Speed,White/Black,None,2']
182,2019 Audi A5 Premium Plus,"$37,998*",18K miles,4 year(s),No Accidents or Damage Reported,Null,,273 torque@1600rpm,248 horsepower@5000rpm,15.3 gal,"184"" L x 72.7"" W x 54.4"" H","108.9""",P245/40HR18,"41.3""","40""",Null,"3,990 lbs",Null,23 city/34 hwy,"4-cyl, Turbo Gas, 2.0L",All Wheel Drive,Automatic,Blue/Gray,None,2']
183,2018 Ford Mustang Ecoboost,"$23,998*",37K miles,5 year(s),No Accidents or Damage Reported,Null,10 Service Record(s) Reported,350 torque@3000rpm,310 horsepower@5500rpm,15.5 gal,"188.3"" L x 75.4"" W x 54.4"" H","107.1""",P235/55WR17,"44.5""","37.6""",Null,"3,532 lbs",Null,21 city/31 hwy,"4-cyl, Turbo Gas, 2.3L",Rear Wheel Drive,Automatic,Black/Black,None,2']
184,2022 Ford Mustang Ecoboost Premium,"$26,998*",35K miles,1 year(s),No Accidents or Damage Reported,Null,,350 torque@3000rpm,310 horsepower@5500rpm,16 gal,"188.3"" L x 75.4"" W x 54.9"" H","107.1""",P235/50WR18,"44.5""","37.6""",Null,"3,642 lbs",Null,27 hwy,"4-cyl, Turbo Gas, 2.3L",Null,Automatic,Red/Black,None,2']
185,2019 Dodge Challenger R/T Scat Pack Widebody,"$47,998*",16K miles,4 year(s),No Accidents or Damage Reported,Null,,475 torque@4100rpm,485 horsepower@6100rpm,18.5 gal,"197.9"" L x 79.2"" W x 57.5"" H","116.2""",P305/35YR20,"42""","39.3""",Null,"4,232 lbs",Null,14 city/23 hwy,"8-cyl, Gas, 6.4L",Null,Automatic,White/Black,None,2']
186,2020 Chevrolet Camaro 2SS,"$40,998*",15K miles,3 year(s),No Accidents or Damage Reported,Null,,455 torque@4400rpm,455 horsepower@6000rpm,19.0 gal,"188.3"" L x 74.7"" W x 52.9"" H","110.7""",245/40ZR20,"43.9""","38.4""",Null,"3,937 lbs",Null,16 city/24 hwy,"8-cyl, Gas, 6.2L",Null,Automatic,Blue/Black,None,2']
187,2018 BMW 230 I,"$27,998*",51K miles,5 year(s),No Accidents or Damage Reported,Null,2 Service Record(s) Reported,258 torque@1450rpm,248 horsepower@5200rpm,13.7 gal,"174.7"" L x 69.8"" W x 55.6"" H","105.9""",P205/50HR17,"41.5""","40.5""",Null,"3,680 lbs",Null,24 city/34 hwy,"4-cyl, Turbo Gas, 2.0L",Rear Wheel Drive,Automatic,White/Brown,None,2']
188,2019 Ford Mustang Ecoboost Premium,"$26,998*",41K miles,4 year(s),,Null,,Null,Null,Null,Null,Null,Null,Null,Null,Null,Null,Null,20 city/28 hwy,"4-cyl, Turbo Gas, 2.3L",Rear Wheel Drive,Automatic,Black/Black,None,2']
189,2020 Ford Mustang Ecoboost Premium,"$27,998*",32K miles,3 year(s),No Accidents or Damage Reported,Null,,350 torque@3000rpm,310 horsepower@5500rpm,16 gal,"188.3"" L x 75.4"" W x 54.4"" H","107.1""",P235/50WR18,"44.5""","37.6""",Null,"3,532 lbs",Null,21 city/30 hwy,"4-cyl, Turbo Gas, 2.3L",Null,Automatic,White/Black,None,2']
190,2017 Ford Mustang,"$23,998*",44K miles,6 year(s),No Accidents or Damage Reported,Null,,280 torque@4000rpm,300 horsepower@6500rpm,16 gal,"188.3"" L x 75.4"" W x 54.4"" H","107.1""",P235/55HR17,"44.5""","37.6""",Null,"3,526 lbs",Null,18 city/27 hwy,"6-cyl, Gas, 3.7L",Rear Wheel Drive,Automatic,Red/Black,None,2']
191,2020 Dodge Challenger R/T,"$35,998*",7K miles,3 year(s),No Accidents or Damage Reported,Null,,410 torque@4300rpm,375 horsepower@5150rpm,18.5 gal,"197.9"" L x 75.7"" W x 57.5"" H","116.2""",P245/45YR20,"42""","39.3""",Null,"4,182 lbs",Null,15 city/23 hwy,"8-cyl, Gas, 5.7L",Null,Automatic,Gray/Black,None,2']
192,2015 BMW 428 XI,"$27,998*",47K miles,8 year(s),,Null,,255 torque@1250rpm,240 horsepower@5000rpm,15.8 gal,"182.6"" L x 71.9"" W x 54.5"" H","110.6""",P225/50VR17,"42.2""","40.4""",Null,"4,160 lbs",Null,21 city/33 hwy,"4-cyl, Turbo Gas, 2.0L",All Wheel Drive,Automatic,White/Brown,None,2']
193,2021 Ford Mustang Ecoboost Premium,"$32,998*",9K miles,2 year(s),,Null,,350 torque@3000rpm,310 horsepower@5500rpm,16 gal,"188.3"" L x 75.4"" W x 54.9"" H","107.1""",P235/50WR18,"44.5""","37.6""",Null,"3,642 lbs",Null,27 hwy,"4-cyl, Turbo Gas, 2.3L",Null,Automatic,Black/Black,None,2']
194,2012 Cadillac CTS Performance,"$21,998*",47K miles,11 year(s),,Null,19 Service Record(s) Reported,Null,Null,Null,Null,Null,Null,Null,Null,Null,Null,Null,Null,"6-cyl, , 3.6L",Null,Automatic,Blue/Gray,None,2']
195,2021 Ford Mustang GT Premium,"$42,998*",4K miles,2 year(s),No Accidents or Damage Reported,Null,,420 torque@4600rpm,460 horsepower@7500rpm,16 gal,"188.3"" L x 75.4"" W x 54.4"" H","107.1""",P235/50WR18,"44.5""","37.6""",Null,"3,705 lbs",Null,Null,"8-cyl, Gas, 5.0L",Null,Automatic,Silver/Black,None,2']
196,2018 Audi A5 Premium Plus,"$34,998*",32K miles,5 year(s),No Accidents or Damage Reported,Null,,273 torque@1600rpm,252 horsepower@5000rpm,15.3 gal,"184"" L x 72.7"" W x 54.4"" H","108.9""",P245/40HR18,"41.3""","40""",Null,"3,990 lbs",Null,24 city/34 hwy,"4-cyl, Turbo Gas, 2.0L",All Wheel Drive,Automatic,Gray/Gray,None,2']
197,2014 Mercedes-Benz E350,"$24,998*",56K miles,9 year(s),,Null,1 Service Record(s) Reported,273 torque@3500rpm,302 horsepower@6500rpm,17.4 gal,"185"" L x 70.3"" W x 55"" H","108.7""",P235/40HR18,"42""","38.3""",Null,"3,883 lbs",Null,19 city/28 hwy,"6-cyl, Gas, 3.5L",Rear Wheel Drive,Automatic,Blue/Brown,None,2']
198,2013 Mini Cooper,"$15,998*",42K miles,10 year(s),,Null,6 Service Record(s) Reported,118 torque@4250rpm,122 horsepower@6000rpm,10.566 gal,"146.771"" L x 66.259"" W x 54.251"" H","97.125""",P175/65R15,"41.700""","38.385""",Null,"2,403 lbs",Null,29 city/37 hwy,"4-cyl, Gas, 1.6L",Front Wheel Drive,Manual 6 Speed,Blue/Black,None,2']
199,2021 Dodge Challenger R/T Scat Pack Widebody,"$56,998*",5K miles,2 year(s),No Accidents or Damage Reported,Null,,475 torque@4100rpm,485 horsepower@6100rpm,18.5 gal,"197.9"" L x 79.2"" W x 57.7"" H","116.2""",P305/35YR20,"42""","39.3""",Null,"4,308 lbs",Null,14 city/23 hwy,"8-cyl, Gas, 6.4L",Rear Wheel Drive,Manual 6 Speed,Burgundy/Black,None,2']
