Unnamed: 0,Name,Price,Mileage,ages,accident_damages,Insurance,service_repairs,fuel_capacity,wheelbase,dirver_leg_room,dirver_head_room,cargo_capacity,curb_weight,towing_capacity,drive_type_text,transmission_text,torque_num,torque_rpm,dimension_L,dimension_W,dimension_H,mile_per_gallon_city,mile_per_gallon_hwy,engine_cly,engine_fuel,engine_L,color_ext,color_int,torque
1,2015 Chevrolet Camaro LS,"$20,998*",55K miles,8 year(s),No Accidents or Damage Reported,Null,,19.0 gal,"112.30""","42.40""","37.40""",Null,"3,719 lbs",Null,Rear Wheel Drive,Automatic,278,4800,"190.6"" L "," 75.50"" W "," 54.20"" H",17 city,28 hwy,6-cyl, Gas, 3.6L,Black,Black,579.1666666666666
2,2020 BMW Z4 sDrive30i,"$45,998*",18K miles,3 year(s),No Accidents or Damage Reported,Null,,13.7 gal,"97.2""","42.2""","38.9""",Null,"3,287 lbs",Null,Rear Wheel Drive,Automatic,295,1550,"170.7"" L "," 73.4"" W "," 51.4"" H",24 city,32 hwy,4-cyl, Turbo Gas, 2.0L,White,Brown,1903.2258064516127
3,2013 Chevrolet Camaro SS,"$25,998*",68K miles,10 year(s),,Null,2 Service Record(s) Reported,19.0 gal,"112.30""","42.40""","37.40""",Null,"3,860 lbs",Null,Rear Wheel Drive,Automatic,420,4600,"190.40"" L "," 75.50"" W "," 54.20"" H",16 city,24 hwy,8-cyl, Gas, 6.2L,Red,Black,913.0434782608696
4,2014 Dodge Challenger SXT Plus,"$24,998*",24K miles,9 year(s),No Accidents or Damage Reported,Null,,19.5 gal,"116""","42""","39.3""",Null,"3,834 lbs",Null,Rear Wheel Drive,Automatic,268,4800,"197.7"" L "," 75.7"" W "," 57.1"" H",18 city,27 hwy,6-cyl, Gas, 3.6L,Black,Brown,558.3333333333334
5,2017 Chevrolet Corvette Stingray,"$45,998*",16K miles,6 year(s),No Accidents or Damage Reported,Null,6 Service Record(s) Reported,18.5 gal,"106.7""","43""","37.9""",Null,"3,298 lbs",Null,Rear Wheel Drive,Manual 7 Speed,460,4600,"176.9"" L "," 73.9"" W "," 48.8"" H",16 city,25 hwy,8-cyl, Gas, 6.2L,Black,Red,1000.0
6,2020 Ford Mustang Ecoboost Premium,"$24,998*",58K miles,3 year(s),No Accidents or Damage Reported,Null,,16 gal,"107.1""","44.5""","37.6""",Null,"3,642 lbs",Null,Null,Automatic,350,3000,"188.3"" L "," 75.4"" W "," 54.9"" H",20 city,28 hwy,4-cyl, Turbo Gas, 2.3L,Silver,Black,1166.6666666666667
7,2018 Dodge Challenger SXT Plus,"$27,998*",31K miles,5 year(s),No Accidents or Damage Reported,Null,,18.5 gal,"116.2""","42""","39.3""",Null,"3,894 lbs",Null,Rear Wheel Drive,Automatic,268,4800,"197.9"" L "," 75.7"" W "," 57.5"" H",19 city,30 hwy,6-cyl, Gas, 3.6L,White,Black,558.3333333333334
9,2021 Mazda MX-5 Miata RF Grand Touring,"$29,998*",6K miles,2 year(s),No Accidents or Damage Reported,Null,,11.9 gal,"90.9""","43.1""","36.8""",Null,"2,452 lbs",Null,Rear Wheel Drive,Manual 6 Speed,151,4000,"154.1"" L "," 68.3"" W "," 49"" H",26 city,34 hwy,4-cyl, Gas, 2.0L,Gray,Black,377.5
10,2020 Dodge Challenger R/T Scat Pack Widebody,"$52,998*",12K miles,3 year(s),,Null,,18.5 gal,"116.2""","42""","39.3""",Null,"4,308 lbs",Null,Null,Automatic,475,4100,"197.9"" L "," 79.2"" W "," 57.5"" H",14 city,23 hwy,8-cyl, Gas, 6.4L,Blue,Black,1158.5365853658536
11,2018 BMW M4,"$53,998*",21K miles,5 year(s),No Accidents or Damage Reported,Null,3 Service Record(s) Reported,15.9 gal,"110.7""","42.2""","39.8""",Null,"3,530 lbs",Null,Null,Automatic,406,1850,"184.5"" L "," 73.6"" W "," 54.4"" H",17 city,25 hwy,6-cyl, Turbo Gas, 3.0L,Silver,Black,2194.5945945945946
13,2020 Ford Mustang GT Premium,"$36,998*",35K miles,3 year(s),No Accidents or Damage Reported,Null,,16 gal,"107.1""","44.5""","37.6""",Null,"3,825 lbs",Null,Null,Automatic,420,4600,"188.3"" L "," 75.4"" W "," 54.9"" H",15 city,24 hwy,8-cyl, Gas, 5.0L,Red,Red,913.0434782608696
14,2014 Mercedes-Benz SLK350,"$30,998*",28K miles,9 year(s),No Accidents or Damage Reported,Null,,18.5 gal,"95.7""","42.5""","39.1""",Null,"3,417 lbs",Null,Rear Wheel Drive,Automatic,273,3500,"162.8"" L "," 71.5"" W "," 51.2"" H",21 city,29 hwy,6-cyl, Gas, 3.5L,Gray,Red,780.0
15,2019 Fiat 124 Spider Classica,"$23,998*",13K miles,4 year(s),No Accidents or Damage Reported,Null,,11.9 gal,"90.9""","43.1""","37.4""",Null,"2,436 lbs",Null,Rear Wheel Drive,Manual 5 Speed,184,3200,"159.6"" L "," 68.5"" W "," 48.5"" H",26 city,35 hwy,4-cyl, Turbo Gas, 1.4L,White,Black,575.0
16,2019 Acura TLX,"$28,998*",26K miles,4 year(s),,Null,,17.2 gal,"109.3""","42.6""","37.2""",Null,"3,765 lbs",Null,All Wheel Drive,Automatic,267,4500,"191.5"" L "," 73"" W "," 57"" H",20 city,29 hwy,6-cyl, Gas, 3.5L,Gray,Black,593.3333333333334
18,2021 Ford Mustang Ecoboost Premium,"$29,998*",28K miles,2 year(s),No Accidents or Damage Reported,Null,4 Service Record(s) Reported,16 gal,"107.1""","44.5""","37.6""",Null,"3,642 lbs",Null,Null,Automatic,350,3000,"188.3"" L "," 75.4"" W "," 54.9"" H",27 hwy,,4-cyl, Turbo Gas, 2.3L,Blue,Black,1166.6666666666667
19,2021 Ford Mustang Ecoboost Premium,"$25,998*",37K miles,2 year(s),No Accidents or Damage Reported,Null,,16 gal,"107.1""","44.5""","37.6""",Null,"3,642 lbs",Null,Null,Automatic,350,3000,"188.3"" L "," 75.4"" W "," 54.9"" H",27 hwy,,4-cyl, Turbo Gas, 2.3L,Silver,Black,1166.6666666666667
20,2015 BMW Z4 SDrive35i,"$34,998*",26K miles,8 year(s),No Accidents or Damage Reported,Null,8 Service Record(s) Reported,14.5 gal,"98.3""","42.2""","39.1""",Null,Null,Null,Rear Wheel Drive,Automatic,300,1400,"166.9"" L "," 70.5"" W "," 50.8"" H",17 city,24 hwy,6-cyl, Turbo Gas, 3.0L,Black,Cream,2142.8571428571427
23,2019 Toyota 86,"$22,998*",96K miles,4 year(s),No Accidents or Damage Reported,Null,,13.2 gal,"101.2""","41.9""","37.1""",Null,"2,776 lbs",Null,Rear Wheel Drive,Manual 6 Speed,156,6400,"166.7"" L "," 69.9"" W "," 50.6"" H",21 city,28 hwy,4-cyl, Gas, 2.0L,Black,Black,243.75
24,2021 Ford Mustang Ecoboost Premium,"$24,998*",57K miles,2 year(s),No Accidents or Damage Reported,Null,,16 gal,"107.1""","44.5""","37.6""",Null,"3,642 lbs",Null,Null,Automatic,350,3000,"188.3"" L "," 75.4"" W "," 54.9"" H",27 hwy,,4-cyl, Turbo Gas, 2.3L,White,Black,1166.6666666666667
25,2018 Genesis G80,"$29,998*",17K miles,5 year(s),,Null,,20.3 gal,"118.5""","45.7""","41.1""",Null,"4,350 lbs",Null,All Wheel Drive,Automatic,293,5000,"196.5"" L "," 74.4"" W "," 58.3"" H",18 city,25 hwy,6-cyl, Gas, 3.8L,Silver,Black,586.0
29,2015 Chevrolet Camaro SS,"$26,998*",75K miles,8 year(s),No Accidents or Damage Reported,Null,,19.0 gal,"112.30""","42.40""","37.40""",Null,"3,908 lbs",Null,Rear Wheel Drive,Manual 6 Speed,420,4600,"190.6"" L "," 75.50"" W "," 54.20"" H",16 city,24 hwy,8-cyl, Gas, 6.2L,Black,Gray,913.0434782608696
31,2020 Porsche 718 Boxster,"$64,998*",8K miles,3 year(s),No Accidents or Damage Reported,Null,,14.2 gal,"97.4""","""","""",Null,"3,021 lbs",Null,Rear Wheel Drive,Manual 6 Speed,280,1950,"172.4"" L "," 70.9"" W "," 50.4"" H",20 city,26 hwy,4-cyl, Turbo Gas, 2.0L,Yellow,Black,1435.8974358974358
32,2018 Ford Mustang Ecoboost Premium,"$24,998*",32K miles,5 year(s),,Null,,15.5 gal,"107.1""","44.5""","37.6""",Null,"3,532 lbs",Null,Rear Wheel Drive,Automatic,350,3000,"188.3"" L "," 75.4"" W "," 54.4"" H",21 city,31 hwy,4-cyl, Turbo Gas, 2.3L,Red,Black,1166.6666666666667
33,2018 Dodge Challenger R/T,"$30,998*",28K miles,5 year(s),No Accidents or Damage Reported,Null,,18.5 gal,"116.2""","42""","39.3""",Null,"4,190 lbs",Null,Rear Wheel Drive,Manual 6 Speed,410,4300,"197.9"" L "," 75.7"" W "," 57.5"" H",15 city,23 hwy,8-cyl, Gas, 5.7L,Silver,Black,953.4883720930233
34,2015 Dodge Dart SXT,"$15,998*",88K miles,8 year(s),,Null,9 Service Record(s) Reported,14.2 gal,"106.4""","42.2""","38.6""",Null,"3,165 lbs",Null,Front Wheel Drive,Automatic,174,4800,"183.9"" L "," 72"" W "," 57.7"" H",22 city,35 hwy,4-cyl, Gas, 2.4L,Orange,Black,362.5
35,2017 Jaguar XE,"$22,998*",36K miles,6 year(s),,Null,1 Service Record(s) Reported,16.6 gal,"111.6""","""","""",Null,"3,350 lbs",Null,Rear Wheel Drive,Automatic,251,1750,"183.9"" L "," 72.8"" W "," 55.7"" H",21 city,30 hwy,4-cyl, Turbo Gas, 2.0L,Black,Black,1434.2857142857142
36,2023 Ford Mustang Mach 1,"$58,998*",4K miles,Current Year,No Accidents or Damage Reported,Null,,16 gal,"107.1""","44.5""","37.6""",Null,"3,868 lbs",Null,Null,Automatic,410,4800,"188.3"" L "," 75.4"" W "," 54.4"" H",Null,Null,8-cyl, Gas, 5.0L,Gray,Black,854.1666666666666
37,2014 Porsche Panamera 4,"$35,998*",54K miles,9 year(s),,Null,,21.1 gal,"115""","41.9""","38""",Null,"4,012 lbs",Null,All Wheel Drive,Automatic,295,3750,"197.4"" L "," 76"" W "," 55.8"" H",18 city,27 hwy,6-cyl, Gas, 3.6L,Silver,Brown,786.6666666666666
38,2015 Volkswagen GTI SE,"$20,998*",62K miles,8 year(s),No Accidents or Damage Reported,Null,1 Service Record(s) Reported,13.2 gal,"103.6""","41.2""","38.4""",Null,"2,972 lbs",Null,Front Wheel Drive,Manual 6 Speed,258,1500,"168"" L "," 70.5"" W "," 56.8"" H",25 city,34 hwy,4-cyl, Turbo Gas, 2.0L,Gray,Black,1719.9999999999998
39,2018 Acura TLX SH-AWD A-Spec,"$29,998*",44K miles,5 year(s),No Accidents or Damage Reported,Null,2 Service Record(s) Reported,17.2 gal,"109.3""","42.6""","37.2""",Null,"3,765 lbs",Null,All Wheel Drive,Automatic,267,4500,"191.5"" L "," 73"" W "," 57"" H",20 city,29 hwy,6-cyl, Gas, 3.5L,Black,Tan,593.3333333333334
40,2015 Acura TLX,"$18,998*",93K miles,8 year(s),,Null,,17.2 gal,"109.3""","42.6""","37.2""",Null,"3,492 lbs",Null,Front Wheel Drive,Automatic,182,4500,"190.3"" L "," 73"" W "," 57"" H",24 city,35 hwy,4-cyl, Gas, 2.4L,Black,Maroon,404.4444444444444
41,2020 Dodge Challenger R/T Scat Pack,"$43,998*",12K miles,3 year(s),No Accidents or Damage Reported,Null,,18.5 gal,"116.2""","42""","39.3""",Null,"4,230 lbs",Null,Rear Wheel Drive,Manual 6 Speed,475,4100,"197.9"" L "," 75.7"" W "," 57.5"" H",14 city,23 hwy,8-cyl, Gas, 6.4L,Purple,Black,1158.5365853658536
42,2020 Dodge Challenger SXT,"$26,998*",33K miles,3 year(s),No Accidents or Damage Reported,Null,,18.5 gal,"116.2""","42""","39.3""",Null,"4,057 lbs",Null,All Wheel Drive,Automatic,268,4800,"197.9"" L "," 75.7"" W "," 57.5"" H",18 city,27 hwy,6-cyl, Gas, 3.6L,Burgundy,Black,558.3333333333334
43,2013 BMW M3,"$35,998*",45K miles,10 year(s),,Null,8 Service Record(s) Reported,16.6 gal,"108.7""","41.8""","38.0""",Null,"4,145 lbs",Null,Null,Automatic,295,3900,"181.7"" L "," 71.0"" W "," 54.8"" H",13 city,20 hwy,8-cyl, Gas, 4.0L,Red,Black,756.4102564102564
44,2020 Ford Mustang Shelby GT350,"$65,998*",9K miles,3 year(s),No Accidents or Damage Reported,Null,,16 gal,"107.1""","44.5""","37.6""",Null,"3,760 lbs",Null,Rear Wheel Drive,Manual 6 Speed,429,4750,"188.9"" L "," 75.9"" W "," 54.2"" H",14 city,21 hwy,8-cyl, Gas, 5.2L,Blue,Black,903.1578947368421
45,2018 Ford Mustang Ecoboost Premium,"$22,998*",85K miles,5 year(s),,Null,,15.5 gal,"107.1""","44.5""","37.6""",Null,"3,532 lbs",Null,Rear Wheel Drive,Automatic,350,3000,"188.3"" L "," 75.4"" W "," 54.4"" H",21 city,31 hwy,4-cyl, Turbo Gas, 2.3L,Gray,Black,1166.6666666666667
46,2018 Genesis G80,"$30,998*",21K miles,5 year(s),No Accidents or Damage Reported,Null,,20.3 gal,"118.5""","45.7""","41.1""",Null,"4,195 lbs",Null,Rear Wheel Drive,Automatic,293,5000,"196.5"" L "," 74.4"" W "," 58.3"" H",19 city,27 hwy,6-cyl, Gas, 3.8L,Black,Black,586.0
47,2014 Hyundai Genesis,"$21,998*",28K miles,9 year(s),,Null,,17.2 gal,"111""","44.1""","39.2""",Null,"3,495 lbs",Null,Rear Wheel Drive,Automatic,275,2000,"182.3"" L "," 73.4"" W "," 54.5"" H",17 city,27 hwy,4-cyl, Turbo Gas, 2.0L,Black,Black,1375.0
48,2023 Ford Mustang Mach 1,"$56,998*",2K miles,Current Year,No Accidents or Damage Reported,Null,,16 gal,"107.1""","44.5""","37.6""",Null,"3,868 lbs",Null,Rear Wheel Drive,Manual 6 Speed,410,4800,"188.3"" L "," 75.4"" W "," 54.4"" H",Null,Null,8-cyl, Gas, 5.0L,Gray,Black,854.1666666666666
49,2016 Acura TLX,"$21,998*",55K miles,7 year(s),No Accidents or Damage Reported,Null,,17.2 gal,"109.3""","42.6""","37.2""",Null,"3,620 lbs",Null,Front Wheel Drive,Automatic,267,4500,"190.3"" L "," 73"" W "," 57"" H",21 city,34 hwy,6-cyl, Gas, 3.5L,Gray,Gray,593.3333333333334
50,2015 BMW M4,"$35,998*",74K miles,8 year(s),No Accidents or Damage Reported,Null,10 Service Record(s) Reported,15.9 gal,"110.7""","42.2""","40.4""",Null,"4,055 lbs",Null,Rear Wheel Drive,Automatic,406,1850,"184.5"" L "," 73.6"" W "," 54.6"" H",17 city,26 hwy,6-cyl, Turbo Gas, 3.0L,Silver,Gray,2194.5945945945946
51,2014 Ford Mustang Shelby GT500,"$55,998*",25K miles,9 year(s),No Accidents or Damage Reported,Null,,16 gal,"107.1""","42.4""","38.5""",Null,"3,845 lbs",Null,Rear Wheel Drive,Manual 6 Speed,631,4000,"189.4"" L "," 73.9"" W "," 55.4"" H",15 city,24 hwy,8-cyl, Supercharged Gas, 5.8L,White,Black,1577.5
52,2015 Acura TLX,"$16,998*",123K miles,8 year(s),,Null,3 Service Record(s) Reported,17.2 gal,"109.3""","42.6""","37.2""",Null,"3,620 lbs",Null,Front Wheel Drive,Automatic,267,4500,"190.3"" L "," 73"" W "," 57"" H",21 city,34 hwy,6-cyl, Gas, 3.5L,Gray,Black,593.3333333333334
53,2019 Mazda MX-5 Miata RF Grand Touring,"$28,998*",9K miles,4 year(s),No Accidents or Damage Reported,Null,,11.9 gal,"90.9""","43.1""","36.8""",Null,"2,493 lbs",Null,Rear Wheel Drive,Automatic,151,4000,"154.1"" L "," 68.3"" W "," 49"" H",26 city,35 hwy,4-cyl, Gas, 2.0L,Red,Black,377.5
54,2017 Ford Mustang Ecoboost,"$20,998*",102K miles,6 year(s),Multiple Damage Events,Null,,15.5 gal,"107.1""","44.5""","37.6""",Null,"3,532 lbs",Null,Null,Automatic,320,2500,"188.3"" L "," 75.4"" W "," 54.4"" H",21 city,30 hwy,4-cyl, Turbo Gas, 2.3L,Black,Black,1280.0
55,2014 Chevrolet Camaro LS,"$21,998*",12K miles,9 year(s),No Accidents or Damage Reported,Null,,19.0 gal,"112.30""","42.40""","37.40""",Null,"3,719 lbs",Null,Rear Wheel Drive,Automatic,278,4800,"190.6"" L "," 75.50"" W "," 54.20"" H",17 city,28 hwy,6-cyl, Gas, 3.6L,Burgundy,Black,579.1666666666666
56,2013 Mazda MX-5 Miata Club,"$18,998*",66K miles,10 year(s),No Accidents or Damage Reported,Null,,12.7 gal,"91.7""","43.1""","37.0""",Null,"2,542 lbs",Null,Rear Wheel Drive,Automatic,140,5000,"157.3"" L "," 67.7"" W "," 49.4"" H",21 city,28 hwy,4-cyl, Gas, 2.0L,Red,Black,280.0
57,2018 Ford Mustang Ecoboost,"$22,998*",64K miles,5 year(s),No Accidents or Damage Reported,Null,7 Service Record(s) Reported,15.5 gal,"107.1""","44.5""","37.6""",Null,"3,532 lbs",Null,Rear Wheel Drive,Automatic,350,3000,"188.3"" L "," 75.4"" W "," 54.4"" H",21 city,31 hwy,4-cyl, Turbo Gas, 2.3L,Gray,Black,1166.6666666666667
58,2020 Ford Mustang Ecoboost Premium,"$26,998*",38K miles,3 year(s),,Null,,16 gal,"107.1""","44.5""","37.6""",Null,"3,532 lbs",Null,Null,Automatic,350,3000,"188.3"" L "," 75.4"" W "," 54.4"" H",21 city,30 hwy,4-cyl, Turbo Gas, 2.3L,Silver,Black,1166.6666666666667
59,2015 Chevrolet Camaro LT,"$19,998*",63K miles,8 year(s),,Null,,19.0 gal,"112.30""","42.40""","37.80""",Null,"4,015 lbs",Null,Rear Wheel Drive,Automatic,278,4800,"190.6"" L "," 75.50"" W "," 54.70"" H",17 city,28 hwy,6-cyl, Gas, 3.6L,Silver,Black,579.1666666666666
60,2020 Acura TLX,"$26,998*",26K miles,3 year(s),,Null,,17.2 gal,"109.3""","42.6""","37.2""",Null,"3,505 lbs",Null,Front Wheel Drive,Automatic,182,4500,"190.7"" L "," 73"" W "," 57"" H",23 city,33 hwy,4-cyl, Gas, 2.4L,Black,Black,404.4444444444444
61,2014 Chevrolet Corvette Stingray,"$38,998*",78K miles,9 year(s),,Null,,18.5 gal,"106.70""","43.00""","37.90""",Null,"3,298 lbs",Null,Rear Wheel Drive,Automatic,460,4600,"176.90"" L "," 73.90"" W "," 48.80"" H",17 city,29 hwy,8-cyl, Gas, 6.2L,Burgundy,Brown,1000.0
62,2016 Jaguar F-Type,"$34,998*",55K miles,7 year(s),No Accidents or Damage Reported,Null,4 Service Record(s) Reported,18.5 gal,"103.2""","43""","37""",Null,"3,477 lbs",Null,Rear Wheel Drive,Automatic,332,3500,"176"" L "," 75.7"" W "," 51.6"" H",19 city,28 hwy,6-cyl, Supercharged Gas, 3.0L,Black,Black,948.5714285714287
66,2018 Audi S4 Premium Plus,"$35,998*",22K miles,5 year(s),No Accidents or Damage Reported,Null,,15.3 gal,"111.2""","41.3""","38.9""",Null,"3,858 lbs",Null,All Wheel Drive,Automatic,369,1370,"186.8"" L "," 72.5"" W "," 55.3"" H",21 city,30 hwy,6-cyl, Turbo Gas, 3.0L,Red,Gray,2693.430656934306
67,2021 Mazda MX-5 Miata Grand Touring,"$30,998*",4K miles,2 year(s),No Accidents or Damage Reported,Null,,11.9 gal,"90.9""","43.1""","37.4""",Null,"2,341 lbs",Null,Rear Wheel Drive,Manual 5 Speed,151,4000,"154.1"" L "," 68.3"" W "," 48.8"" H",26 city,34 hwy,4-cyl, Gas, 2.0L,Gray,Black,377.5
68,2023 Mazda MX-5 Miata Club,"$33,998*",3K miles,Current Year,No Accidents or Damage Reported,Null,,11.9 gal,"90.9""","43.1""","37.4""",Null,"2,341 lbs",Null,Rear Wheel Drive,Manual 6 Speed,151,4000,"154.1"" L "," 68.3"" W "," 48.8"" H",Null,Null,4-cyl, Gas, 2.0L,Silver,Black,377.5
69,2019 Mazda MX-5 Miata Club,"$26,998*",10K miles,4 year(s),No Accidents or Damage Reported,Null,,11.9 gal,"90.9""","43.1""","37.4""",Null,"2,388 lbs",Null,Rear Wheel Drive,Automatic,151,4000,"154.1"" L "," 68.3"" W "," 48.8"" H",26 city,35 hwy,4-cyl, Gas, 2.0L,Red,Black,377.5
70,2018 Fiat 124 Spider Classica,"$21,998*",30K miles,5 year(s),No Accidents or Damage Reported,Null,,11.9 gal,"90.9""","43.1""","37.4""",Null,"2,436 lbs",Null,Rear Wheel Drive,Manual 6 Speed,184,3200,"159.6"" L "," 68.5"" W "," 48.5"" H",26 city,35 hwy,4-cyl, Turbo Gas, 1.4L,Gray,Black,575.0
71,2019 Ford Mustang Ecoboost Premium,"$25,998*",37K miles,4 year(s),No Accidents or Damage Reported,Null,,16 gal,"107.1""","44.5""","37.6""",Null,"3,642 lbs",Null,Rear Wheel Drive,Manual 6 Speed,350,3000,"188.3"" L "," 75.4"" W "," 54.9"" H",20 city,28 hwy,4-cyl, Turbo Gas, 2.3L,Red,Black,1166.6666666666667
73,2015 Chevrolet Corvette Stingray,"$43,998*",21K miles,8 year(s),No Accidents or Damage Reported,Null,1 Service Record(s) Reported,18.5 gal,"106.70""","43.00""","37.90""",Null,"3,298 lbs",Null,Rear Wheel Drive,Automatic,460,4600,"176.90"" L "," 73.90"" W "," 48.80"" H",17 city,29 hwy,8-cyl, Gas, 6.2L,Silver,Black,1000.0
74,2018 Dodge Challenger T/A 392,"$42,998*",17K miles,5 year(s),No Accidents or Damage Reported,Null,4 Service Record(s) Reported,18.5 gal,"116.2""","42""","39.3""",Null,"4,232 lbs",Null,Rear Wheel Drive,Automatic,475,4100,"197.9"" L "," 75.7"" W "," 57.5"" H",14 city,23 hwy,8-cyl, Gas, 6.4L,Black,Black,1158.5365853658536
75,2019 Audi S5 Premium Plus,"$35,998*",47K miles,4 year(s),No Accidents or Damage Reported,Null,,15.3 gal,"108.8""","41.3""","39""",Null,"3,847 lbs",Null,All Wheel Drive,Automatic,369,1370,"184.7"" L "," 72.7"" W "," 53.9"" H",21 city,30 hwy,6-cyl, Turbo Gas, 3.0L,Black,Black,2693.430656934306
76,2019 Volkswagen Jetta GLI Autobahn,"$26,998*",35K miles,4 year(s),No Accidents or Damage Reported,Null,,13.2 gal,"105.6""","41.1""","38.5""",Null,"3,274 lbs",Null,Front Wheel Drive,Automatic,258,1700,"185.2"" L "," 70.8"" W "," 56.8"" H",25 city,32 hwy,4-cyl, Turbo Gas, 2.0L,Gray,Black,1517.6470588235295
77,2014 Scion FR-S,"$19,998*",78K miles,9 year(s),,Null,1 Service Record(s) Reported,13.2 gal,"101.2""","41.9""","37.1""",Null,"2,758 lbs",Null,Rear Wheel Drive,Manual 6 Speed,151,6400,"166.7"" L "," 69.9"" W "," 50.6"" H",22 city,30 hwy,4-cyl, Gas, 2.0L,Red,Black,235.9375
78,2016 BMW M4,"$43,998*",46K miles,7 year(s),No Accidents or Damage Reported,Null,4 Service Record(s) Reported,15.9 gal,"110.7""","42.2""","39.8""",Null,"3,530 lbs",Null,Rear Wheel Drive,Automatic,406,1850,"184.5"" L "," 73.6"" W "," 54.4"" H",17 city,26 hwy,6-cyl, Turbo Gas, 3.0L,Gray,Gray,2194.5945945945946
79,2020 Dodge Challenger R/T Scat Pack Widebody,"$49,998*",7K miles,3 year(s),No Accidents or Damage Reported,Null,,18.5 gal,"116.2""","42""","39.3""",Null,"4,308 lbs",Null,Null,Automatic,475,4100,"197.9"" L "," 79.2"" W "," 57.5"" H",14 city,23 hwy,8-cyl, Gas, 6.4L,Red,Black,1158.5365853658536
82,2018 BMW M550 I xDrive,"$41,998*",42K miles,5 year(s),No Accidents or Damage Reported,Null,6 Service Record(s) Reported,18 gal,"117.1""","41.4""","38.8""",Null,"4,372 lbs",Null,All Wheel Drive,Automatic,480,1800,"195.4"" L "," 73.5"" W "," 57.8"" H",16 city,25 hwy,8-cyl, Turbo Gas, 4.4L,Gray,Black,2666.6666666666665
83,2022 Dodge Challenger GT,"$31,998*",16K miles,1 year(s),No Accidents or Damage Reported,Null,,18.5 gal,"116.2""","42""","39.3""",Null,"3,886 lbs",Null,Rear Wheel Drive,Automatic,268,4800,"197.9"" L "," 75.7"" W "," 57.7"" H",Null,Null,6-cyl, Gas, 3.6L,Gray,Red,558.3333333333334
84,2020 Jaguar F-Type Checkered Flag,"$44,998*",24K miles,3 year(s),,Null,3 Service Record(s) Reported,16.6 gal,"103.2""","42.8""","36.8""",Null,"3,360 lbs",Null,Rear Wheel Drive,Automatic,295,1500,"176.5"" L "," 75.7"" W "," 51.6"" H",23 city,30 hwy,4-cyl, Turbo Gas, 2.0L,Gray,Black,1966.6666666666665
85,2018 Fiat 124 Spider Lusso,"$21,998*",29K miles,5 year(s),No Accidents or Damage Reported,Null,3 Service Record(s) Reported,11.9 gal,"90.9""","43.1""","37.4""",Null,"2,436 lbs",Null,Null,Automatic,184,3200,"159.6"" L "," 68.5"" W "," 48.5"" H",26 city,35 hwy,4-cyl, Turbo Gas, 1.4L,Red,Black,575.0
87,2014 Chevrolet Camaro LT,"$20,998*",70K miles,9 year(s),,Null,4 Service Record(s) Reported,19.0 gal,"112.30""","42.40""","37.40""",Null,"3,738 lbs",Null,Null,Automatic,278,4800,"190.6"" L "," 75.50"" W "," 54.20"" H",17 city,28 hwy,6-cyl, Gas, 3.6L,White,Black,579.1666666666666
88,2014 Chevrolet Camaro LT,"$22,998*",46K miles,9 year(s),No Accidents or Damage Reported,Null,,19.0 gal,"112.30""","42.40""","37.40""",Null,"3,738 lbs",Null,Null,Automatic,278,4800,"190.6"" L "," 75.50"" W "," 54.20"" H",17 city,28 hwy,6-cyl, Gas, 3.6L,Red,Black,579.1666666666666
89,2020 Ford Mustang Shelby GT350,"$59,998*",28K miles,3 year(s),,Null,,16 gal,"107.1""","44.5""","37.6""",Null,"3,760 lbs",Null,Rear Wheel Drive,Manual 6 Speed,429,4750,"188.9"" L "," 75.9"" W "," 54.2"" H",14 city,21 hwy,8-cyl, Gas, 5.2L,Gray,Gray,903.1578947368421
90,2013 Chevrolet Camaro ZL1,"$47,998*",7K miles,10 year(s),No Accidents or Damage Reported,Null,4 Service Record(s) Reported,19.0 gal,"112.30""","42.40""","37.40""",Null,"4,120 lbs",Null,Rear Wheel Drive,Automatic,556,4200,"190.40"" L "," 75.50"" W "," 54.20"" H",14 city,19 hwy,8-cyl, Supercharged Gas, 6.2L,Black,Black,1323.8095238095239
91,2016 Mazda MX-5 Miata Grand Touring,"$19,998*",82K miles,7 year(s),No Accidents or Damage Reported,Null,,11.9 gal,"90.9""","43.1""","37.4""",Null,"2,332 lbs",Null,Rear Wheel Drive,Manual 6 Speed,148,4600,"154.1"" L "," 68.3"" W "," 48.8"" H",27 city,34 hwy,4-cyl, Gas, 2.0L,Red,Black,321.7391304347826
92,2017 Mercedes-Benz SL450,"$50,998*",27K miles,6 year(s),,Null,,19.8 gal,"101.7""","42.9""","39.1""",Null,"3,826 lbs",Null,Rear Wheel Drive,Automatic,369,2000,"182.3"" L "," 73.9"" W "," 51.2"" H",20 city,28 hwy,6-cyl, Turbo Gas, 3.0L,Blue,Black,1845.0
93,2021 Mazda MX-5 Miata RF Club,"$29,998*",15K miles,2 year(s),No Accidents or Damage Reported,Null,,11.9 gal,"90.9""","43.1""","36.8""",Null,"2,496 lbs",Null,Rear Wheel Drive,Automatic,151,4000,"154.1"" L "," 68.3"" W "," 49"" H",26 city,35 hwy,4-cyl, Gas, 2.0L,Gray,Black,377.5
94,2013 Chevrolet Camaro ZL1,"$42,998*",18K miles,10 year(s),,Null,2 Service Record(s) Reported,19.0 gal,"112.30""","42.40""","37.40""",Null,"4,120 lbs",Null,Rear Wheel Drive,Manual 6 Speed,556,4200,"190.40"" L "," 75.50"" W "," 54.20"" H",14 city,19 hwy,8-cyl, Supercharged Gas, 6.2L,Black,Black,1323.8095238095239
96,2020 Dodge Challenger SXT,"$25,998*",47K miles,3 year(s),No Accidents or Damage Reported,Null,,18.5 gal,"116.2""","42""","39.3""",Null,"3,858 lbs",Null,Rear Wheel Drive,Automatic,268,4800,"197.9"" L "," 75.7"" W "," 57.5"" H",19 city,30 hwy,6-cyl, Gas, 3.6L,Red,Black,558.3333333333334
97,2018 Chevrolet Corvette Stingray,"$48,998*",48K miles,5 year(s),No Accidents or Damage Reported,Null,,18.5 gal,"106.7""","43""","37.9""",Null,"3,298 lbs",Null,Rear Wheel Drive,Automatic,460,4600,"176.9"" L "," 73.9"" W "," 48.8"" H",16 city,25 hwy,8-cyl, Gas, 6.2L,Blue,Black,1000.0
98,2016 Jaguar F-Type S,"$37,998*",39K miles,7 year(s),No Accidents or Damage Reported,Null,2 Service Record(s) Reported,18.5 gal,"103.2""","43""","37""",Null,"3,735 lbs",Null,All Wheel Drive,Automatic,339,3500,"176"" L "," 75.7"" W "," 51.5"" H",18 city,26 hwy,6-cyl, Supercharged Gas, 3.0L,Gray,Black,968.5714285714287
99,2015 Mercedes-Benz SLK250,"$27,998*",43K miles,8 year(s),No Accidents or Damage Reported,Null,1 Service Record(s) Reported,18.5 gal,"95.7""","42.5""","39.1""",Null,"3,241 lbs",Null,Rear Wheel Drive,Automatic,229,2000,"162.8"" L "," 71.5"" W "," 51.2"" H",22 city,32 hwy,4-cyl, Turbo Gas, 1.8L,Black,Burgundy,1145.0
100,2016 Scion FR-S,"$24,998*",22K miles,7 year(s),No Accidents or Damage Reported,Null,2 Service Record(s) Reported,13.2 gal,"101.2""","41.9""","37.1""",Null,"2,758 lbs",Null,Rear Wheel Drive,Manual 6 Speed,151,6400,"166.7"" L "," 69.9"" W "," 50.6"" H",22 city,30 hwy,4-cyl, Gas, 2.0L,White,Black,235.9375
101,2017 Jaguar XE Premium,"$22,998*",58K miles,6 year(s),No Accidents or Damage Reported,Null,,14.8 gal,"111.6""","""","""",Null,"3,560 lbs",Null,All Wheel Drive,Automatic,318,1750,"183.9"" L "," 72.8"" W "," 55.7"" H",30 city,40 hwy,4-cyl, Turbo Diesel, 2.0L,Silver,Gray,1817.142857142857
102,2018 Chevrolet Camaro SS,"$37,998*",21K miles,5 year(s),No Accidents or Damage Reported,Null,,19.0 gal,"110.70""","43.90""","38.50""",Null,"3,685 lbs",Null,Rear Wheel Drive,Automatic,455,4400,"188.30"" L "," 74.70"" W "," 53.10"" H",16 city,25 hwy,8-cyl, Gas, 6.2L,Black,Black,1034.090909090909
103,2018 Genesis G80,"$30,998*",28K miles,5 year(s),No Accidents or Damage Reported,Null,,20.3 gal,"118.5""","45.7""","41.1""",Null,"4,195 lbs",Null,Rear Wheel Drive,Automatic,293,5000,"196.5"" L "," 74.4"" W "," 58.3"" H",19 city,27 hwy,6-cyl, Gas, 3.8L,Gray,Black,586.0
104,2018 Dodge Challenger GT,"$26,998*",55K miles,5 year(s),No Accidents or Damage Reported,Null,1 Service Record(s) Reported,18.5 gal,"116.2""","42""","39.3""",Null,"4,108 lbs",Null,All Wheel Drive,Automatic,268,4800,"197.9"" L "," 75.7"" W "," 57.5"" H",18 city,27 hwy,6-cyl, Gas, 3.6L,Gray,Black,558.3333333333334
105,2020 Dodge Challenger SXT,"$26,998*",43K miles,3 year(s),No Accidents or Damage Reported,Null,,18.5 gal,"116.2""","42""","39.3""",Null,"3,858 lbs",Null,Rear Wheel Drive,Automatic,268,4800,"197.9"" L "," 75.7"" W "," 57.5"" H",19 city,30 hwy,6-cyl, Gas, 3.6L,Gray,Black,558.3333333333334
107,2019 Mazda MX-5 Miata RF Grand Touring,"$26,998*",42K miles,4 year(s),No Accidents or Damage Reported,Null,,11.9 gal,"90.9""","43.1""","36.8""",Null,"2,493 lbs",Null,Rear Wheel Drive,Automatic,151,4000,"154.1"" L "," 68.3"" W "," 49"" H",26 city,35 hwy,4-cyl, Gas, 2.0L,Black,Black,377.5
109,2015 Dodge Dart SXT,"$15,998*",89K miles,8 year(s),No Accidents or Damage Reported,Null,1 Service Record(s) Reported,14.2 gal,"106.4""","42.2""","38.6""",Null,"3,165 lbs",Null,Front Wheel Drive,Automatic,174,4800,"183.9"" L "," 72"" W "," 57.7"" H",22 city,35 hwy,4-cyl, Gas, 2.4L,White,Black,362.5
110,2021 Ford Mustang Ecoboost Premium,"$29,998*",14K miles,2 year(s),No Accidents or Damage Reported,Null,,16 gal,"107.1""","44.5""","37.6""",Null,"3,642 lbs",Null,Null,Automatic,350,3000,"188.3"" L "," 75.4"" W "," 54.9"" H",27 hwy,,4-cyl, Turbo Gas, 2.3L,Silver,Black,1166.6666666666667
111,2018 Dodge Challenger R/T,"$29,998*",40K miles,5 year(s),No Accidents or Damage Reported,Null,,18.5 gal,"116.2""","42""","39.3""",Null,"4,190 lbs",Null,Rear Wheel Drive,Manual 6 Speed,410,4300,"197.9"" L "," 75.7"" W "," 57.5"" H",15 city,23 hwy,8-cyl, Gas, 5.7L,White,Black,953.4883720930233
112,2020 Dodge Challenger SXT,"$26,998*",44K miles,3 year(s),No Accidents or Damage Reported,Null,,18.5 gal,"116.2""","42""","39.3""",Null,"3,858 lbs",Null,Rear Wheel Drive,Automatic,268,4800,"197.9"" L "," 75.7"" W "," 57.5"" H",19 city,30 hwy,6-cyl, Gas, 3.6L,White,Black,558.3333333333334
113,2014 Dodge Dart SXT,"$14,599*",87K miles,9 year(s),No Accidents or Damage Reported,Null,4 Service Record(s) Reported,14.2 gal,"106.4""","42.2""","38.6""",Null,"3,186 lbs",Null,Front Wheel Drive,Automatic,171,4800,"183.9"" L "," 72"" W "," 57.7"" H",22 city,35 hwy,4-cyl, Gas, 2.4L,Silver,Black,356.24999999999994
115,2017 Dodge Challenger R/T Scat Pack,"$32,998*",56K miles,6 year(s),No Accidents or Damage Reported,Null,3 Service Record(s) Reported,18.5 gal,"116.2""","42""","39.3""",Null,"4,232 lbs",Null,Rear Wheel Drive,Manual 6 Speed,475,4100,"197.9"" L "," 75.7"" W "," 57.5"" H",14 city,23 hwy,8-cyl, Gas, 6.4L,White,Black,1158.5365853658536
116,2019 Dodge Challenger SXT,"$27,998*",27K miles,4 year(s),No Accidents or Damage Reported,Null,2 Service Record(s) Reported,18.5 gal,"116.2""","42""","39.3""",Null,"3,894 lbs",Null,Rear Wheel Drive,Automatic,268,4800,"197.9"" L "," 75.7"" W "," 57.5"" H",19 city,30 hwy,6-cyl, Gas, 3.6L,Silver,Black,558.3333333333334
117,2017 Jaguar XF Prestige,"$25,998*",41K miles,6 year(s),No Accidents or Damage Reported,Null,,19.5 gal,"116.5""","41.5""","37.1""",Null,"3,880 lbs",Null,All Wheel Drive,Automatic,332,3500,"195.2"" L "," 78.2"" W "," 57.4"" H",20 city,28 hwy,6-cyl, Supercharged Gas, 3.0L,White,Tan,948.5714285714287
118,2014 Chevrolet Corvette Stingray Z51,"$43,998*",28K miles,9 year(s),,Null,,18.5 gal,"106.70""","43.00""","37.90""",Null,Null,Null,Rear Wheel Drive,Manual 7 Speed,460,4600,"176.90"" L "," 73.90"" W "," 48.9"" H",17 city,29 hwy,8-cyl, Gas, 6.2L,Silver,Black,1000.0
119,2019 Dodge Challenger SXT,"$24,998*",58K miles,4 year(s),No Accidents or Damage Reported,Null,,18.5 gal,"116.2""","42""","39.3""",Null,"3,894 lbs",Null,Rear Wheel Drive,Automatic,268,4800,"197.9"" L "," 75.7"" W "," 57.5"" H",19 city,30 hwy,6-cyl, Gas, 3.6L,White,Black,558.3333333333334
120,2018 Acura TLX SH-AWD A-Spec,"$29,998*",58K miles,5 year(s),No Accidents or Damage Reported,Null,,17.2 gal,"109.3""","42.6""","37.2""",Null,"3,765 lbs",Null,All Wheel Drive,Automatic,267,4500,"191.5"" L "," 73"" W "," 57"" H",20 city,29 hwy,6-cyl, Gas, 3.5L,Black,Red,593.3333333333334
122,2015 Mercedes-Benz SLK350,"$26,998*",62K miles,8 year(s),No Accidents or Damage Reported,Null,,18.5 gal,"95.7""","42.5""","39.1""",Null,"3,417 lbs",Null,Rear Wheel Drive,Automatic,273,3500,"162.8"" L "," 71.5"" W "," 51.2"" H",21 city,29 hwy,6-cyl, Gas, 3.5L,Gray,Brown,780.0
124,2020 Dodge Challenger GT,"$27,998*",54K miles,3 year(s),No Accidents or Damage Reported,Null,,18.5 gal,"116.2""","42""","39.3""",Null,"3,894 lbs",Null,Rear Wheel Drive,Automatic,268,4800,"197.9"" L "," 75.7"" W "," 57.5"" H",19 city,30 hwy,6-cyl, Gas, 3.6L,Purple,Black,558.3333333333334
125,2017 Dodge Challenger 392 Hemi Scat Pack Shaker,"$37,998*",25K miles,6 year(s),,Null,,18.5 gal,"116.2""","42""","39.3""",Null,"4,232 lbs",Null,Rear Wheel Drive,Automatic,475,4100,"197.9"" L "," 75.7"" W "," 57.5"" H",14 city,23 hwy,8-cyl, Gas, 6.4L,Gray,Black,1158.5365853658536
126,2021 Chevrolet Camaro LT1,"$42,998*",11K miles,2 year(s),No Accidents or Damage Reported,Null,,19.0 gal,"110.7""","43.9""","38.4""",Null,"3,865 lbs",Null,Null,Automatic,455,4400,"188.3"" L "," 74.7"" W "," 52.9"" H",Null,Null,8-cyl, Gas, 6.2L,Black,Black,1034.090909090909
127,2016 Acura TLX,"$18,998*",76K miles,7 year(s),No Accidents or Damage Reported,Null,,17.2 gal,"109.3""","42.6""","37.2""",Null,"3,492 lbs",Null,Front Wheel Drive,Automatic,182,4500,"190.3"" L "," 73"" W "," 57"" H",24 city,35 hwy,4-cyl, Gas, 2.4L,Black,Brown,404.4444444444444
128,2014 Chevrolet Corvette Stingray,"$44,998*",12K miles,9 year(s),No Accidents or Damage Reported,Null,5 Service Record(s) Reported,18.5 gal,"106.70""","43.00""","37.90""",Null,"3,298 lbs",Null,Rear Wheel Drive,Automatic,460,4600,"176.90"" L "," 73.90"" W "," 48.80"" H",17 city,29 hwy,8-cyl, Gas, 6.2L,Yellow,Black,1000.0
129,2017 Mercedes-Benz SLC300,"$28,998*",53K miles,6 year(s),,Null,14 Service Record(s) Reported,15.9 gal,"95.7""","42.5""","38""",Null,"3,296 lbs",Null,Rear Wheel Drive,Automatic,273,1300,"162.8"" L "," 71.5"" W "," 51.3"" H",25 city,32 hwy,4-cyl, Turbo Gas, 2.0L,Black,Tan,2100.0
131,2018 Dodge Challenger R/T Scat Pack,"$37,998*",22K miles,5 year(s),No Accidents or Damage Reported,Null,,18.5 gal,"116.2""","42""","39.3""",Null,"4,232 lbs",Null,Rear Wheel Drive,Manual 6 Speed,475,4100,"197.9"" L "," 75.7"" W "," 57.5"" H",14 city,23 hwy,8-cyl, Gas, 6.4L,White,Black,1158.5365853658536
132,2013 Dodge Dart Limited,"$14,998*",96K miles,10 year(s),No Accidents or Damage Reported,Null,26 Service Record(s) Reported,15.800 gal,"106.400""","42.200""","38.600""",Null,"3,186 lbs",Null,Front Wheel Drive,Automatic,148,4600,"183.900"" L "," 72.000"" W "," 57.700"" H",25 city,36 hwy,4-cyl, Gas, 2.0L,Black,Black,321.7391304347826
134,2014 Smart Fortwo Passion,"$9,599*",84K miles,9 year(s),No Accidents or Damage Reported,Null,,8.7 gal,"73.5""","41.2""","39.7""",Null,"1,808 lbs",Null,Rear Wheel Drive,Automatic,68,4500,"106.1"" L "," 61.4"" W "," 60.7"" H",34 city,38 hwy,3-cyl, Gas, 1.0L,White,Black,151.11111111111111
135,2013 Dodge Challenger R/T,"$25,998*",39K miles,10 year(s),,Null,3 Service Record(s) Reported,19.500 gal,"116.000""","42.000""","39.300""",Null,"4,041 lbs",Null,Null,Automatic,400,4400,"197.700"" L "," 75.700"" W "," 57.100"" H",15 city,23 hwy,8-cyl, Gas, 5.7L,Black,Black,909.0909090909091
136,2016 Ford Mustang Ecoboost,"$19,998*",81K miles,7 year(s),,Null,4 Service Record(s) Reported,15.5 gal,"107.1""","44.5""","37.6""",Null,"3,532 lbs",Null,Null,Automatic,320,2500,"188.3"" L "," 75.4"" W "," 54.4"" H",22 city,31 hwy,4-cyl, Turbo Gas, 2.3L,Black,Black,1280.0
138,2015 Chevrolet Camaro SS,"$25,998*",85K miles,8 year(s),No Accidents or Damage Reported,Null,5 Service Record(s) Reported,19.0 gal,"112.30""","42.40""","37.40""",Null,"3,908 lbs",Null,Rear Wheel Drive,Automatic,420,4600,"190.6"" L "," 75.50"" W "," 54.20"" H",16 city,24 hwy,8-cyl, Gas, 6.2L,Black,Black,913.0434782608696
139,2020 Ford Mustang Ecoboost,"$22,998*",74K miles,3 year(s),No Accidents or Damage Reported,Null,,16 gal,"107.1""","44.5""","37.6""",Null,"3,532 lbs",Null,Null,Automatic,350,3000,"188.3"" L "," 75.4"" W "," 54.4"" H",21 city,30 hwy,4-cyl, Turbo Gas, 2.3L,Silver,Black,1166.6666666666667
140,2017 Mercedes-Benz SLC300,"$29,998*",40K miles,6 year(s),,Null,1 Service Record(s) Reported,15.9 gal,"95.7""","42.5""","38""",Null,"3,296 lbs",Null,Rear Wheel Drive,Automatic,273,1300,"162.8"" L "," 71.5"" W "," 51.3"" H",25 city,32 hwy,4-cyl, Turbo Gas, 2.0L,Red,Black,2100.0
141,2014 Dodge Dart SXT,"$15,998*",90K miles,9 year(s),No Accidents or Damage Reported,Null,1 Service Record(s) Reported,14.2 gal,"106.4""","42.2""","38.6""",Null,"3,186 lbs",Null,Front Wheel Drive,Automatic,171,4800,"183.9"" L "," 72"" W "," 57.7"" H",22 city,35 hwy,4-cyl, Gas, 2.4L,Black,Black,356.24999999999994
142,2015 Scion FR-S,"$17,998*",124K miles,8 year(s),,Null,,13.2 gal,"101.2""","41.9""","37.1""",Null,"2,806 lbs",Null,Rear Wheel Drive,Automatic,151,6400,"166.7"" L "," 69.9"" W "," 50.6"" H",25 city,34 hwy,4-cyl, Gas, 2.0L,White,Black,235.9375
143,2016 Chevrolet Corvette Stingray Z51,"$48,998*",18K miles,7 year(s),,Null,,18.5 gal,"106.70""","43.00""","37.90""",Null,"3,362 lbs",Null,Rear Wheel Drive,Manual 7 Speed,465,4600,"176.90"" L "," 73.90"" W "," 48.9"" H",17 city,29 hwy,8-cyl, Gas, 6.2L,Yellow,Black,1010.8695652173913
144,2016 Mercedes-Benz AMG GT S,"$71,998*",30K miles,7 year(s),No Accidents or Damage Reported,Null,,17 gal,"103.5""","""","39.5""",Null,"3,627 lbs",Null,Rear Wheel Drive,Automatic,479,1750,"179"" L "," 76.3"" W "," 50.7"" H",16 city,22 hwy,8-cyl, Turbo Gas, 4.0L,Gray,Gray,2737.142857142857
145,2018 Chevrolet Camaro SS,"$37,998*",46K miles,5 year(s),,Null,1 Service Record(s) Reported,19.0 gal,"110.70""","43.90""","38.50""",Null,"3,685 lbs",Null,Rear Wheel Drive,Automatic,455,4400,"188.30"" L "," 74.70"" W "," 53.10"" H",16 city,25 hwy,8-cyl, Gas, 6.2L,Blue,Black,1034.090909090909
146,2018 Mini Cooper S,"$21,998*",35K miles,5 year(s),,Null,,11.6 gal,"98.2""","41.4""","40.3""",Null,"2,760 lbs",Null,Null,Automatic,207,1250,"151.9"" L "," 68"" W "," 55.7"" H",23 city,32 hwy,4-cyl, Turbo Gas, 2.0L,Black,Black,1656.0
147,2022 Dodge Challenger R/T Scat Pack Widebody,"$52,998*",8K miles,1 year(s),No Accidents or Damage Reported,Null,,18.5 gal,"116.2""","42""","39.3""",Null,"4,298 lbs",Null,Null,Automatic,475,4100,"197.9"" L "," 78.3"" W "," 57.5"" H",Null,Null,8-cyl, Gas, 6.4L,White,Black,1158.5365853658536
148,2020 Chevrolet Camaro LT,"$29,998*",42K miles,3 year(s),No Accidents or Damage Reported,Null,,19.0 gal,"110.7""","43.9""","38.5""",Null,"3,354 lbs",Null,Null,Automatic,284,5300,"188.3"" L "," 74.7"" W "," 53.1"" H",20 city,30 hwy,6-cyl, Gas, 3.6L,Black,Black,535.8490566037736
149,2017 Mercedes-Benz AMG GT,"$74,998*",28K miles,6 year(s),,Null,3 Service Record(s) Reported,19.8 gal,"103.5""","""","39.5""",Null,"3,560 lbs",Null,Rear Wheel Drive,Automatic,443,1600,"179"" L "," 76.3"" W "," 50.7"" H",16 city,22 hwy,8-cyl, Turbo Gas, 4.0L,White,Brown,2768.75
150,2017 Ford Mustang,"$23,998*",44K miles,6 year(s),No Accidents or Damage Reported,Null,,16 gal,"107.1""","44.5""","37.6""",Null,"3,526 lbs",Null,Rear Wheel Drive,Automatic,280,4000,"188.3"" L "," 75.4"" W "," 54.4"" H",18 city,27 hwy,6-cyl, Gas, 3.7L,Red,Black,700.0000000000001
151,2020 Ford Mustang Ecoboost Premium,"$28,998*",28K miles,3 year(s),No Accidents or Damage Reported,Null,5 Service Record(s) Reported,16 gal,"107.1""","44.5""","37.6""",Null,"3,532 lbs",Null,Null,Automatic,350,3000,"188.3"" L "," 75.4"" W "," 54.4"" H",21 city,30 hwy,4-cyl, Turbo Gas, 2.3L,Silver,Black,1166.6666666666667
152,2013 Ford Mustang,"$16,998*",73K miles,10 year(s),No Accidents or Damage Reported,Null,,16.000 gal,"107.100""","42.400""","38.500""",Null,"3,501 lbs",Null,Null,Automatic,280,4250,"188.500"" L "," 73.900"" W "," 55.600"" H",19 city,29 hwy,6-cyl, Gas, 3.7L,Silver,Black,658.8235294117648
153,2014 Scion FR-S,"$20,998*",77K miles,9 year(s),No Accidents or Damage Reported,Null,5 Service Record(s) Reported,13.2 gal,"101.2""","41.9""","37.1""",Null,"2,806 lbs",Null,Rear Wheel Drive,Automatic,151,6400,"166.7"" L "," 69.9"" W "," 50.6"" H",25 city,34 hwy,4-cyl, Gas, 2.0L,Black,Black,235.9375
154,2020 Ford Mustang Ecoboost,"$26,998*",23K miles,3 year(s),,Null,1 Service Record(s) Reported,16 gal,"107.1""","44.5""","37.6""",Null,"3,532 lbs",Null,Null,Automatic,350,3000,"188.3"" L "," 75.4"" W "," 54.4"" H",21 city,30 hwy,4-cyl, Turbo Gas, 2.3L,Black,Black,1166.6666666666667
155,2021 Ford Mustang GT Premium,"$39,998*",12K miles,2 year(s),No Accidents or Damage Reported,Null,,16 gal,"107.1""","44.5""","37.6""",Null,"3,825 lbs",Null,Null,Automatic,420,4600,"188.3"" L "," 75.4"" W "," 54.9"" H",Null,Null,8-cyl, Gas, 5.0L,White,Black,913.0434782608696
156,2020 Ford Mustang Ecoboost,"$23,998*",42K miles,3 year(s),,Null,,16 gal,"107.1""","44.5""","37.6""",Null,"3,532 lbs",Null,Null,Automatic,350,3000,"188.3"" L "," 75.4"" W "," 54.4"" H",21 city,30 hwy,4-cyl, Turbo Gas, 2.3L,Gray,Black,1166.6666666666667
157,2021 Ford Mustang Ecoboost Premium,"$25,998*",42K miles,2 year(s),No Accidents or Damage Reported,Null,2 Service Record(s) Reported,16 gal,"107.1""","44.5""","37.6""",Null,"3,642 lbs",Null,Null,Automatic,350,3000,"188.3"" L "," 75.4"" W "," 54.9"" H",27 hwy,,4-cyl, Turbo Gas, 2.3L,White,Black,1166.6666666666667
158,2017 Ford Mustang,"$22,998*",48K miles,6 year(s),No Accidents or Damage Reported,Null,2 Service Record(s) Reported,16 gal,"107.1""","44.5""","37.6""",Null,"3,526 lbs",Null,Rear Wheel Drive,Manual 6 Speed,280,4000,"188.3"" L "," 75.4"" W "," 54.4"" H",18 city,27 hwy,6-cyl, Gas, 3.7L,Red,Black,700.0000000000001
159,2018 Chevrolet Camaro LT,"$24,998*",39K miles,5 year(s),No Accidents or Damage Reported,Null,,19.0 gal,"110.70""","43.90""","38.50""",Null,"3,339 lbs",Null,Rear Wheel Drive,Automatic,284,5300,"188.30"" L "," 74.70"" W "," 53.10"" H",19 city,29 hwy,6-cyl, Gas, 3.6L,Silver,Black,535.8490566037736
161,2017 Mazda MX-5 Miata RF Grand Touring,"$23,998*",43K miles,6 year(s),No Accidents or Damage Reported,Null,1 Service Record(s) Reported,11.9 gal,"90.9""","43.1""","36.8""",Null,"2,494 lbs",Null,Rear Wheel Drive,Automatic,148,4600,"154.1"" L "," 68.3"" W "," 49"" H",27 city,36 hwy,4-cyl, Gas, 2.0L,Gray,Black,321.7391304347826
162,2020 Ford Mustang Ecoboost Premium,"$27,998*",32K miles,3 year(s),,Null,,16 gal,"107.1""","44.5""","37.6""",Null,"3,642 lbs",Null,Null,Automatic,350,3000,"188.3"" L "," 75.4"" W "," 54.9"" H",20 city,28 hwy,4-cyl, Turbo Gas, 2.3L,Gray,Black,1166.6666666666667
163,2018 Jaguar XF 25t R-Sport,"$27,998*",36K miles,5 year(s),No Accidents or Damage Reported,Null,,19.5 gal,"116.5""","41.5""","37.1""",Null,"3,715 lbs",Null,All Wheel Drive,Automatic,269,1200,"195.2"" L "," 78.2"" W "," 57.4"" H",23 city,33 hwy,4-cyl, Turbo Gas, 2.0L,Silver,Black,2241.6666666666665
164,2020 Chevrolet Camaro 2SS,"$40,998*",15K miles,3 year(s),No Accidents or Damage Reported,Null,,19.0 gal,"110.7""","43.9""","38.4""",Null,"3,937 lbs",Null,Null,Automatic,455,4400,"188.3"" L "," 74.7"" W "," 52.9"" H",16 city,24 hwy,8-cyl, Gas, 6.2L,Blue,Black,1034.090909090909
165,2019 Dodge Challenger R/T Scat Pack Widebody,"$47,998*",16K miles,4 year(s),No Accidents or Damage Reported,Null,,18.5 gal,"116.2""","42""","39.3""",Null,"4,232 lbs",Null,Null,Automatic,475,4100,"197.9"" L "," 79.2"" W "," 57.5"" H",14 city,23 hwy,8-cyl, Gas, 6.4L,White,Black,1158.5365853658536
166,2021 Ford Mustang Ecoboost Premium,"$32,998*",9K miles,2 year(s),,Null,,16 gal,"107.1""","44.5""","37.6""",Null,"3,642 lbs",Null,Null,Automatic,350,3000,"188.3"" L "," 75.4"" W "," 54.9"" H",27 hwy,,4-cyl, Turbo Gas, 2.3L,Black,Black,1166.6666666666667
167,2021 Chevrolet Corvette Stingray 3LT,"$79,998*",18K miles,2 year(s),No Accidents or Damage Reported,Null,,18.5 gal,"107.2""","42.8""","37.9""",Null,"3,366 lbs",Null,Rear Wheel Drive,Automatic,465,5150,"182.3"" L "," 76.1"" W "," 48.6"" H",15 city,27 hwy,8-cyl, Gas, 6.2L,Red,Brown,902.9126213592233
168,2012 Mitsubishi Eclipse GS Sport,"$17,998*",64K miles,11 year(s),No Accidents or Damage Reported,Null,,17.7 gal,"101.4""","42.8""","39.6""",Null,"3,527 lbs",Null,Front Wheel Drive,Automatic,162,4000,"180.4"" L "," 72.2"" W "," 54.1"" H",20 city,27 hwy,4-cyl, Gas, 2.4L,Orange,Orange,405.0
169,2020 Acura TLX A-Spec,"$31,998*",28K miles,3 year(s),No Accidents or Damage Reported,Null,,17.2 gal,"109.3""","42.6""","37.2""",Null,"3,548 lbs",Null,Front Wheel Drive,Automatic,182,4500,"191"" L "," 73"" W "," 57"" H",23 city,32 hwy,4-cyl, Gas, 2.4L,Blue,Red,404.4444444444444
170,2018 Jaguar XE Premium,"$27,998*",46K miles,5 year(s),No Accidents or Damage Reported,Null,,16.6 gal,"111.6""","""","""",Null,"3,515 lbs",Null,All Wheel Drive,Automatic,269,1300,"183.9"" L "," 72.8"" W "," 56.1"" H",24 city,34 hwy,4-cyl, Turbo Gas, 2.0L,Gray,Black,2069.2307692307695
172,2013 Ford Mustang,"$15,998*",95K miles,10 year(s),No Accidents or Damage Reported,Null,,16.000 gal,"107.100""","42.400""","38.800""",Null,"3,630 lbs",Null,Null,Automatic,280,4250,"188.500"" L "," 73.900"" W "," 56.100"" H",19 city,29 hwy,6-cyl, Gas, 3.7L,Silver,Black,658.8235294117648
173,2020 Audi S3 Premium Plus S-Line,"$37,998*",17K miles,3 year(s),,Null,,14.5 gal,"103.6""","41.2""","36.5""",Null,"3,494 lbs",Null,All Wheel Drive,Automatic,280,1900,"175.8"" L "," 70.7"" W "," 54.8"" H",22 city,29 hwy,4-cyl, Turbo Gas, 2.0L,Black,Black,1473.6842105263156
174,2015 Acura TLX,"$16,998*",114K miles,8 year(s),,Null,7 Service Record(s) Reported,17.2 gal,"109.3""","42.6""","37.2""",Null,"3,492 lbs",Null,Front Wheel Drive,Automatic,182,4500,"190.3"" L "," 73"" W "," 57"" H",24 city,35 hwy,4-cyl, Gas, 2.4L,Brown,Tan,404.4444444444444
175,2013 Mini Cooper,"$15,998*",42K miles,10 year(s),,Null,6 Service Record(s) Reported,10.566 gal,"97.125""","41.700""","38.385""",Null,"2,403 lbs",Null,Front Wheel Drive,Manual 6 Speed,118,4250,"146.771"" L "," 66.259"" W "," 54.251"" H",29 city,37 hwy,4-cyl, Gas, 1.6L,Blue,Black,277.6470588235294
176,2018 Ford Mustang Ecoboost,"$23,998*",37K miles,5 year(s),No Accidents or Damage Reported,Null,10 Service Record(s) Reported,15.5 gal,"107.1""","44.5""","37.6""",Null,"3,532 lbs",Null,Rear Wheel Drive,Automatic,350,3000,"188.3"" L "," 75.4"" W "," 54.4"" H",21 city,31 hwy,4-cyl, Turbo Gas, 2.3L,Black,Black,1166.6666666666667
177,2020 BMW M4,"$60,998*",29K miles,3 year(s),No Accidents or Damage Reported,Null,,15.8 gal,"110.7""","42.2""","40.4""",Null,"4,110 lbs",Null,Null,Automatic,406,1850,"184.5"" L "," 73.6"" W "," 54.6"" H",17 city,25 hwy,6-cyl, Turbo Gas, 3.0L,Gray,Red,2194.5945945945946
178,2016 BMW M4,"$44,998*",43K miles,7 year(s),No Accidents or Damage Reported,Null,9 Service Record(s) Reported,15.9 gal,"110.7""","42.2""","39.8""",Null,"3,530 lbs",Null,Rear Wheel Drive,Automatic,406,1850,"184.5"" L "," 73.6"" W "," 54.4"" H",17 city,26 hwy,6-cyl, Turbo Gas, 3.0L,White,Black,2194.5945945945946
179,2021 Mazda MX-5 Miata RF Club,"$31,998*",13K miles,2 year(s),No Accidents or Damage Reported,Null,,11.9 gal,"90.9""","43.1""","36.8""",Null,"2,496 lbs",Null,Rear Wheel Drive,Automatic,151,4000,"154.1"" L "," 68.3"" W "," 49"" H",26 city,35 hwy,4-cyl, Gas, 2.0L,Red,Black,377.5
180,2017 BMW M240 XI,"$35,998*",25K miles,6 year(s),No Accidents or Damage Reported,Null,9 Service Record(s) Reported,13.7 gal,"105.9""","41.5""","40.5""",Null,"3,944 lbs",Null,All Wheel Drive,Automatic,369,1520,"175.9"" L "," 69.8"" W "," 55.2"" H",21 city,31 hwy,6-cyl, Turbo Gas, 3.0L,White,Black,2427.6315789473683
182,2020 Ford Mustang Ecoboost Premium,"$27,998*",32K miles,3 year(s),No Accidents or Damage Reported,Null,,16 gal,"107.1""","44.5""","37.6""",Null,"3,532 lbs",Null,Null,Automatic,350,3000,"188.3"" L "," 75.4"" W "," 54.4"" H",21 city,30 hwy,4-cyl, Turbo Gas, 2.3L,White,Black,1166.6666666666667
184,2020 Ford Mustang Ecoboost Premium,"$24,998*",60K miles,3 year(s),,Null,,16 gal,"107.1""","44.5""","37.6""",Null,"3,532 lbs",Null,Null,Automatic,350,3000,"188.3"" L "," 75.4"" W "," 54.4"" H",21 city,30 hwy,4-cyl, Turbo Gas, 2.3L,Gray,Black,1166.6666666666667
185,2020 Ford Mustang Ecoboost Premium,"$27,998*",40K miles,3 year(s),No Accidents or Damage Reported,Null,,16 gal,"107.1""","44.5""","37.6""",Null,"3,642 lbs",Null,Null,Automatic,350,3000,"188.3"" L "," 75.4"" W "," 54.9"" H",20 city,28 hwy,4-cyl, Turbo Gas, 2.3L,Red,Red,1166.6666666666667
186,2019 Dodge Challenger R/T,"$33,998*",24K miles,4 year(s),No Accidents or Damage Reported,Null,,18.5 gal,"116.2""","42""","39.3""",Null,"4,190 lbs",Null,Null,Automatic,410,4300,"197.9"" L "," 75.7"" W "," 57.5"" H",15 city,23 hwy,8-cyl, Gas, 5.7L,Blue,Black,953.4883720930233
188,2015 Acura TLX,"$17,998*",103K miles,8 year(s),No Accidents or Damage Reported,Null,,17.2 gal,"109.3""","42.6""","37.2""",Null,"3,492 lbs",Null,Front Wheel Drive,Automatic,182,4500,"190.3"" L "," 73"" W "," 57"" H",24 city,35 hwy,4-cyl, Gas, 2.4L,Black,Black,404.4444444444444
189,2015 Dodge Dart SXT,"$13,998*",108K miles,8 year(s),No Accidents or Damage Reported,Null,2 Service Record(s) Reported,14.2 gal,"106.4""","42.2""","38.6""",Null,"3,165 lbs",Null,Front Wheel Drive,Automatic,174,4800,"183.9"" L "," 72"" W "," 57.7"" H",22 city,35 hwy,4-cyl, Gas, 2.4L,Black,Black,362.5
190,2017 BMW M2,"$43,998*",41K miles,6 year(s),No Accidents or Damage Reported,Null,9 Service Record(s) Reported,13.7 gal,"106""","41.5""","40.1""",Null,"3,450 lbs",Null,Rear Wheel Drive,Manual 6 Speed,343,1400,"176.2"" L "," 73"" W "," 55.5"" H",18 city,26 hwy,6-cyl, Turbo Gas, 3.0L,White,Black,2450.0
191,2020 Ford Mustang GT Premium,"$30,998*",59K miles,3 year(s),,Null,,16 gal,"107.1""","44.5""","37.6""",Null,"3,825 lbs",Null,Null,Automatic,420,4600,"188.3"" L "," 75.4"" W "," 54.9"" H",15 city,24 hwy,8-cyl, Gas, 5.0L,Black,Black,913.0434782608696
192,2018 Dodge Challenger SXT Plus,"$24,998*",50K miles,5 year(s),No Accidents or Damage Reported,Null,3 Service Record(s) Reported,18.5 gal,"116.2""","42""","39.3""",Null,"3,894 lbs",Null,Rear Wheel Drive,Automatic,268,4800,"197.9"" L "," 75.7"" W "," 57.5"" H",19 city,30 hwy,6-cyl, Gas, 3.6L,Orange,Black,558.3333333333334
193,2012 Ford Mustang,"$17,998*",78K miles,11 year(s),No Accidents or Damage Reported,Null,,16.0 gal,"107.1""","42.4""","38.5""",Null,"3,453 lbs",Null,Rear Wheel Drive,Automatic,280,4250,"188.1"" L "," 73.9"" W "," 55.6"" H",19 city,29 hwy,6-cyl, Gas, 3.7L,White,Black,658.8235294117648
195,2016 Jaguar F-Type R,"$47,998*",49K miles,7 year(s),No Accidents or Damage Reported,Null,,18.5 gal,"103.2""","43""","37""",Null,"3,814 lbs",Null,All Wheel Drive,Automatic,502,3500,"176"" L "," 75.7"" W "," 51.6"" H",15 city,23 hwy,8-cyl, Supercharged Gas, 5.0L,Gray,Black,1434.2857142857142
196,2019 Chevrolet Camaro LT,"$29,998*",14K miles,4 year(s),,Null,1 Service Record(s) Reported,19.0 gal,"110.7""","43.9""","38.5""",Null,"3,354 lbs",Null,Rear Wheel Drive,Manual 6 Speed,284,5300,"188.3"" L "," 74.7"" W "," 53.1"" H",20 city,30 hwy,6-cyl, Gas, 3.6L,Gray,Black,535.8490566037736
197,2019 Dodge Challenger R/T,"$31,998*",33K miles,4 year(s),No Accidents or Damage Reported,Null,,18.5 gal,"116.2""","42""","39.3""",Null,"4,190 lbs",Null,Null,Automatic,410,4300,"197.9"" L "," 75.7"" W "," 57.5"" H",15 city,23 hwy,8-cyl, Gas, 5.7L,Black,Black,953.4883720930233
199,2017 Dodge Challenger SXT,"$23,998*",73K miles,6 year(s),,Null,1 Service Record(s) Reported,18.5 gal,"116.2""","42""","39.3""",Null,"3,894 lbs",Null,Rear Wheel Drive,Automatic,268,4800,"197.9"" L "," 75.7"" W "," 57.5"" H",19 city,30 hwy,6-cyl, Gas, 3.6L,Black,Black,558.3333333333334
